URL,Version,Status,OIDs,Name,Title,Description,Used
http://dicom.nema.org/resources/ontology/DCM,01,active,"1.2.840.10008.2.16.4",DICOM Controlled Terminology Definitions,,"DICOM Code Definitions (Coding Scheme Designator ""DCM"" Coding Scheme Version ""01"")","ValueSet/security-role-type,ValueSet/ng-results-radiology-component-vs"
http://hl7.org/fhir/CodeSystem/medication-statement-status,4.0.1,draft,"2.16.840.1.113883.4.642.4.1379",Medication Status Codes,Medication  status  codes,"Medication Status Codes","ValueSet/medication-statement-status"
http://hl7.org/fhir/CodeSystem/medication-status,4.0.1,draft,"2.16.840.1.113883.4.642.4.1380",Medication Status Codes,Medication  status  codes,"Medication Status Codes","ValueSet/medication-status"
http://hl7.org/fhir/CodeSystem/medicationrequest-intent,4.0.1,draft,"2.16.840.1.113883.4.642.4.1378",medicationRequest Intent,Medication request  intent,"MedicationRequest Intent Codes","ValueSet/medicationrequest-intent"
http://hl7.org/fhir/CodeSystem/medicationrequest-status,4.0.1,draft,"2.16.840.1.113883.4.642.4.1377",medicationrequest Status,Medicationrequest  status,"MedicationRequest Status Codes","ValueSet/medicationrequest-status"
http://hl7.org/fhir/CodeSystem/task-code,4.0.1,active,"2.16.840.1.113883.4.642.4.1397",TaskCode,Task Codes,"Codes indicating the type of action that is expected to be performed","ValueSet/task-code"
http://hl7.org/fhir/address-type,4.0.1,active,"2.16.840.1.113883.4.642.4.70",AddressType,AddressType,"The type of an address (physical / postal).","ValueSet/address-type"
http://hl7.org/fhir/address-use,4.0.1,active,"2.16.840.1.113883.4.642.4.68",AddressUse,AddressUse,"The use of an address.","ValueSet/address-use"
http://hl7.org/fhir/administrative-gender,4.0.1,active,"2.16.840.1.113883.4.642.4.2",AdministrativeGender,AdministrativeGender,"The gender of a person used for administrative purposes.","ValueSet/administrative-gender,ValueSet/ng-gender-vs"
http://hl7.org/fhir/allergy-intolerance-category,4.0.1,draft,"2.16.840.1.113883.4.642.4.134",AllergyIntoleranceCategory,AllergyIntoleranceCategory,"Category of an identified substance associated with allergies or intolerances.","ValueSet/allergy-intolerance-category"
http://hl7.org/fhir/allergy-intolerance-criticality,4.0.1,draft,"2.16.840.1.113883.4.642.4.130",AllergyIntoleranceCriticality,AllergyIntoleranceCriticality,"Estimate of the potential clinical harm, or seriousness, of a reaction to an identified substance.","ValueSet/allergy-intolerance-criticality"
http://hl7.org/fhir/allergy-intolerance-type,4.0.1,draft,"2.16.840.1.113883.4.642.4.132",AllergyIntoleranceType,AllergyIntoleranceType,"Identification of the underlying physiological mechanism for a Reaction Risk.","ValueSet/allergy-intolerance-type"
http://hl7.org/fhir/appointmentstatus,4.0.1,draft,"2.16.840.1.113883.4.642.4.485",AppointmentStatus,AppointmentStatus,"The free/busy status of an appointment.","ValueSet/appointmentstatus"
http://hl7.org/fhir/bundle-type,4.0.1,active,"2.16.840.1.113883.4.642.4.621",BundleType,BundleType,"Indicates the purpose of a bundle - how it is intended to be used.","ValueSet/bundle-type"
http://hl7.org/fhir/care-plan-activity-status,4.0.1,draft,"2.16.840.1.113883.4.642.4.147",CarePlanActivityStatus,CarePlanActivityStatus,"Codes that reflect the current state of a care plan activity within its overall life cycle.","ValueSet/care-plan-activity-status"
http://hl7.org/fhir/claim-use,4.0.1,draft,"2.16.840.1.113883.4.642.4.545",Use,Use,"The purpose of the Claim: predetermination, preauthorization, claim.","ValueSet/claim-use"
http://hl7.org/fhir/composition-attestation-mode,4.0.1,draft,"2.16.840.1.113883.4.642.4.239",CompositionAttestationMode,CompositionAttestationMode,"The way in which a person authenticated a composition.","ValueSet/composition-attestation-mode"
http://hl7.org/fhir/composition-status,4.0.1,draft,"2.16.840.1.113883.4.642.4.242",CompositionStatus,CompositionStatus,"The workflow/clinical status of the composition.","ValueSet/composition-status"
http://hl7.org/fhir/consent-data-meaning,4.0.1,draft,"2.16.840.1.113883.4.642.4.760",ConsentDataMeaning,ConsentDataMeaning,"How a resource reference is interpreted when testing consent restrictions.","ValueSet/consent-data-meaning"
http://hl7.org/fhir/consent-provision-type,4.0.1,draft,"2.16.840.1.113883.4.642.4.758",ConsentProvisionType,ConsentProvisionType,"How a rule statement is applied, such as adding additional consent or removing consent.","ValueSet/consent-provision-type"
http://hl7.org/fhir/consent-state-codes,4.0.1,draft,"2.16.840.1.113883.4.642.4.756",ConsentState,ConsentState,"Indicates the state of the consent.","ValueSet/consent-state-codes"
http://hl7.org/fhir/contact-point-system,4.0.1,active,"2.16.840.1.113883.4.642.4.72",ContactPointSystem,ContactPointSystem,"Telecommunications form for contact point.","ValueSet/contact-point-system"
http://hl7.org/fhir/contact-point-use,4.0.1,active,"2.16.840.1.113883.4.642.4.74",ContactPointUse,ContactPointUse,"Use of contact point.","ValueSet/contact-point-use"
http://hl7.org/fhir/days-of-week,4.0.1,active,"2.16.840.1.113883.4.642.4.513",DaysOfWeek,DaysOfWeek,"The days of the week.","ValueSet/days-of-week"
http://hl7.org/fhir/device-nametype,4.0.1,draft,"2.16.840.1.113883.4.642.4.1084",DeviceNameType,DeviceNameType,"The type of name the device is referred by.","ValueSet/device-nametype"
http://hl7.org/fhir/device-status,4.0.1,draft,"2.16.840.1.113883.4.642.4.210",FHIRDeviceStatus,FHIRDeviceStatus,"The availability status of the device.","ValueSet/device-status"
http://hl7.org/fhir/diagnostic-report-status,4.0.1,draft,"2.16.840.1.113883.4.642.4.236",DiagnosticReportStatus,DiagnosticReportStatus,"The status of the diagnostic report.","ValueSet/ng-diagnostics-report-status-vs"
http://hl7.org/fhir/document-reference-status,4.0.1,draft,"2.16.840.1.113883.4.642.4.8",DocumentReferenceStatus,DocumentReferenceStatus,"The status of the document reference.","ValueSet/document-reference-status"
http://hl7.org/fhir/document-relationship-type,4.0.1,draft,"2.16.840.1.113883.4.642.4.245",DocumentRelationshipType,DocumentRelationshipType,"The type of relationship between documents.","ValueSet/document-relationship-type"
http://hl7.org/fhir/eligibilityrequest-purpose,4.0.1,draft,"2.16.840.1.113883.4.642.4.1183",EligibilityRequestPurpose,EligibilityRequestPurpose,"A code specifying the types of information being requested.","ValueSet/eligibilityrequest-purpose"
http://hl7.org/fhir/eligibilityresponse-purpose,4.0.1,draft,"2.16.840.1.113883.4.642.4.1185",EligibilityResponsePurpose,EligibilityResponsePurpose,"A code specifying the types of information being requested.","ValueSet/eligibilityresponse-purpose"
http://hl7.org/fhir/encounter-location-status,4.0.1,draft,"2.16.840.1.113883.4.642.4.263",EncounterLocationStatus,EncounterLocationStatus,"The status of the location.","ValueSet/encounter-location-status"
http://hl7.org/fhir/encounter-status,4.0.1,draft,"2.16.840.1.113883.4.642.4.247",EncounterStatus,EncounterStatus,"Current state of the encounter.","ValueSet/encounter-status"
http://hl7.org/fhir/event-status,4.0.1,draft,"2.16.840.1.113883.4.642.4.110",EventStatus,EventStatus,"Codes identifying the lifecycle stage of an event.","ValueSet/immunization-status,ValueSet/event-status"
http://hl7.org/fhir/explanationofbenefit-status,4.0.1,draft,"2.16.840.1.113883.4.642.4.619",ExplanationOfBenefitStatus,ExplanationOfBenefitStatus,"A code specifying the state of the resource instance.","ValueSet/explanationofbenefit-status"
http://hl7.org/fhir/flag-status,4.0.1,draft,"2.16.840.1.113883.4.642.4.121",FlagStatus,FlagStatus,"Indicates whether this flag is active and needs to be displayed to a user, or whether it is no longer needed or was entered in error.","ValueSet/flag-status"
http://hl7.org/fhir/fm-status,4.0.1,draft,"2.16.840.1.113883.4.642.4.593",FinancialResourceStatusCodes,Financial Resource Status Codes,"This value set includes Status codes.","ValueSet/fm-status"
http://hl7.org/fhir/goal-status,4.0.1,draft,"2.16.840.1.113883.4.642.4.272",GoalLifecycleStatus,GoalLifecycleStatus,"Codes that reflect the current state of a goal and whether the goal is still being targeted.","ValueSet/goal-status"
http://hl7.org/fhir/http-verb,4.0.1,active,"2.16.840.1.113883.4.642.4.625",HTTPVerb,HTTPVerb,"HTTP verbs (in the HTTP command line). See [HTTP rfc](https://tools.ietf.org/html/rfc7231) for details.","ValueSet/http-verb"
http://hl7.org/fhir/identifier-use,4.0.1,active,"2.16.840.1.113883.4.642.4.58",IdentifierUse,IdentifierUse,"Identifies the purpose for this identifier, if known .","ValueSet/identifier-use"
http://hl7.org/fhir/invoice-priceComponentType,4.0.1,draft,"2.16.840.1.113883.4.642.4.869",InvoicePriceComponentType,InvoicePriceComponentType,"Codes indicating the kind of the price component.","ValueSet/invoice-priceComponentType"
http://hl7.org/fhir/invoice-status,4.0.1,draft,"2.16.840.1.113883.4.642.4.867",InvoiceStatus,InvoiceStatus,"Codes identifying the lifecycle stage of an Invoice.","ValueSet/invoice-status"
http://hl7.org/fhir/item-type,4.0.1,draft,"2.16.840.1.113883.4.642.4.445",QuestionnaireItemType,QuestionnaireItemType,"Distinguishes groups from questions and display text and indicates data type for questions.","ValueSet/item-type"
http://hl7.org/fhir/link-type,4.0.1,active,"2.16.840.1.113883.4.642.4.424",LinkType,LinkType,"The type of link between this patient resource and another patient resource.","ValueSet/link-type"
http://hl7.org/fhir/list-mode,4.0.1,draft,"2.16.840.1.113883.4.642.4.319",ListMode,ListMode,"The processing mode that applies to this list.","ValueSet/list-mode"
http://hl7.org/fhir/location-mode,4.0.1,draft,"2.16.840.1.113883.4.642.4.331",LocationMode,LocationMode,"Indicates whether a resource instance represents a specific location or a class of locations.","ValueSet/location-mode"
http://hl7.org/fhir/location-status,4.0.1,draft,"2.16.840.1.113883.4.642.4.333",LocationStatus,LocationStatus,"Indicates whether the location is still in use.","ValueSet/location-status"
http://hl7.org/fhir/measure-report-status,4.0.1,draft,"2.16.840.1.113883.4.642.4.777",MeasureReportStatus,MeasureReportStatus,"The status of the measure report.","ValueSet/measure-report-status"
http://hl7.org/fhir/measure-report-type,4.0.1,draft,"2.16.840.1.113883.4.642.4.779",MeasureReportType,MeasureReportType,"The type of the measure report.","ValueSet/measure-report-type"
http://hl7.org/fhir/name-use,4.0.1,active,"2.16.840.1.113883.4.642.4.66",NameUse,NameUse,"The use of a human name.","ValueSet/name-use"
http://hl7.org/fhir/namingsystem-identifier-type,4.0.1,draft,"2.16.840.1.113883.4.642.4.493",NamingSystemIdentifierType,NamingSystemIdentifierType,"Identifies the style of unique identifier used to identify a namespace.","ValueSet/namingsystem-identifier-type"
http://hl7.org/fhir/namingsystem-type,4.0.1,draft,"2.16.840.1.113883.4.642.4.491",NamingSystemType,NamingSystemType,"Identifies the purpose of the naming system.","ValueSet/namingsystem-type"
http://hl7.org/fhir/note-type,4.0.1,draft,"2.16.840.1.113883.4.642.4.16",NoteType,NoteType,"The presentation types of notes.","ValueSet/note-type"
http://hl7.org/fhir/observation-status,4.0.1,active,"2.16.840.1.113883.4.642.4.401",ObservationStatus,ObservationStatus,"Codes providing the status of an observation.","ValueSet/observation-status,ValueSet/ng-results-status-vs"
http://hl7.org/fhir/participantrequired,4.0.1,draft,"2.16.840.1.113883.4.642.4.489",ParticipantRequired,ParticipantRequired,"Is the Participant required to attend the appointment.","ValueSet/participantrequired"
http://hl7.org/fhir/participationstatus,4.0.1,draft,"2.16.840.1.113883.4.642.4.487",ParticipationStatus,ParticipationStatus,"The Participation status of an appointment.","ValueSet/participationstatus"
http://hl7.org/fhir/provenance-entity-role,4.0.1,draft,"2.16.840.1.113883.4.642.4.437",ProvenanceEntityRole,ProvenanceEntityRole,"How an entity was used in an activity.","ValueSet/provenance-entity-role"
http://hl7.org/fhir/publication-status,4.0.1,active,"2.16.840.1.113883.4.642.4.4",PublicationStatus,PublicationStatus,"The lifecycle status of an artifact.","ValueSet/publication-status"
http://hl7.org/fhir/quantity-comparator,4.0.1,active,"2.16.840.1.113883.4.642.4.60",QuantityComparator,QuantityComparator,"How the Quantity should be understood and represented.","ValueSet/quantity-comparator"
http://hl7.org/fhir/questionnaire-enable-behavior,4.0.1,draft,"2.16.840.1.113883.4.642.4.1008",EnableWhenBehavior,EnableWhenBehavior,"Controls how multiple enableWhen values are interpreted -  whether all or any must be true.","ValueSet/questionnaire-enable-behavior"
http://hl7.org/fhir/questionnaire-enable-operator,4.0.1,draft,"2.16.840.1.113883.4.642.4.1006",QuestionnaireItemOperator,QuestionnaireItemOperator,"The criteria by which a question is enabled.","ValueSet/questionnaire-enable-operator"
http://hl7.org/fhir/reaction-event-severity,4.0.1,draft,"2.16.840.1.113883.4.642.4.136",AllergyIntoleranceSeverity,AllergyIntoleranceSeverity,"Clinical assessment of the severity of a reaction event as a whole, potentially considering multiple different manifestations.","ValueSet/reaction-event-severity"
http://hl7.org/fhir/remittance-outcome,4.0.1,draft,"2.16.840.1.113883.4.642.4.14",ClaimProcessingCodes,Claim Processing Codes,"This value set includes Claim Processing Outcome codes.","ValueSet/remittance-outcome"
http://hl7.org/fhir/request-intent,4.0.1,draft,"2.16.840.1.113883.4.642.4.114",RequestIntent,RequestIntent,"Codes indicating the degree of authority/intentionality associated with a request.","ValueSet/request-intent,ValueSet/task-intent,ValueSet/care-plan-intent"
http://hl7.org/fhir/request-priority,4.0.1,draft,"2.16.840.1.113883.4.642.4.116",RequestPriority,RequestPriority,"Identifies the level of importance to be assigned to actioning the request.","ValueSet/request-priority"
http://hl7.org/fhir/request-status,4.0.1,draft,"2.16.840.1.113883.4.642.4.112",RequestStatus,RequestStatus,"Codes identifying the lifecycle stage of a request.","ValueSet/request-status"
http://hl7.org/fhir/resource-types,4.0.1,active,,ResourceType,ResourceType,"One of the resource types defined as part of this version of FHIR.","ValueSet/subject-type,ValueSet/consent-content-class,ValueSet/resource-types,ValueSet/care-plan-activity-kind"
http://hl7.org/fhir/search-entry-mode,4.0.1,active,"2.16.840.1.113883.4.642.4.623",SearchEntryMode,SearchEntryMode,"Why an entry is in the result set - whether it's included as a match or because of an _include requirement, or to convey information or warning information about the search process.","ValueSet/search-entry-mode"
http://hl7.org/fhir/sid/cvx,4.0.1,active,"2.16.840.1.113883.12.292",CVX,Vaccine Administered Code Set (CVX),"The CDC's National Center of Immunization and Respiratory Diseases (NCIRD - see [https://www.cdc.gov/ncird/](https://www.cdc.gov/ncird/)) developed and maintains the CVX (vaccine administered) code set. It includes both active and inactive vaccines available in the US. CVX codes for inactive vaccines allow transmission of historical immunization records. When a MVX (manufacturer) code is paired with a CVX (vaccine administered) code, the specific trade named vaccine may be indicated. These codes should be used for immunization messages using either HL7 Version 2.3.1 or HL7 Version 2.5.1. CVX is the underlying Master Code System for V2 table 0292 (Vaccines Administered). The machine readable name for CVX in PHIN VADS is PH_VaccinesAdministeredCVX_CDC_NIP. The version of the CVX code set for certification can be found on the archive page:[https://www2a.cdc.gov/vaccines/iis/iisstandards/mu3versioned_codes.asp](https://www2a.cdc.gov/vaccines/iis/iisstandards/mu3versioned_codes.asp)     The Status column indicates if the vaccine is currently available in the United States.    *  Active: A currently available administrable vaccine     *  Inactive: An administrable vaccine formulation that is no longer available for patient administration, but can be found in historical patient records OR A historical record of a vaccine administered where the exact formulation is unknown     *  Pending: A vaccine that is expected to become active in the future     *  Non-US: A vaccine that available outside the US only     *  Never Active: A vaccine that was never available and is not in the pipeline of new vaccines     The Last Updated column indicates the last time this particular vaccine code was updated in this table.    Questions regarding this table should be directed to the IIS Technical Assistance Team via iisinfo@cdc.gov (or use mailing address via [https://www2a.cdc.gov/vaccines/iis/iisstandards/vaccines.asp?rpt=cvx#addr](https://www2a.cdc.gov/vaccines/iis/iisstandards/vaccines.asp?rpt=cvx#addr))     HL7 Implementers should note that 'Status' IS NOT CONCEPT STATUS as all codes are ACTIVE in this code system.    The current code system is available via [https://www2a.cdc.gov/vaccines/iis/iisstandards/vaccines.asp?rpt=cvx](https://www2a.cdc.gov/vaccines/iis/iisstandards/vaccines.asp?rpt=cvx)","ValueSet/vaccine-code"
http://hl7.org/fhir/sid/ex-icd-10-procedures,4.0.1,draft,"2.16.840.1.113883.4.642.4.575",ICD-10ProcedureCodes,ICD-10 Procedure Codes,"This value set includes sample ICD-10 Procedure codes.","ValueSet/icd-10-procedures"
http://hl7.org/fhir/sid/icd-10,2.1.1,retired,"2.16.840.1.113883.6.3",Icd10,ICD-10,"International Classification of Diseases revision 10 (ICD 10)","ValueSet/icd-10"
http://hl7.org/fhir/specimen-status,4.0.1,draft,"2.16.840.1.113883.4.642.4.472",SpecimenStatus,SpecimenStatus,"Codes providing the status/availability of a specimen.","ValueSet/specimen-status"
http://hl7.org/fhir/task-intent,4.0.1,draft,"2.16.840.1.113883.4.642.4.1241",TaskIntent,TaskIntent,"Distinguishes whether the task is a proposal, plan or full order.","ValueSet/task-intent"
http://hl7.org/fhir/task-status,4.0.1,draft,"2.16.840.1.113883.4.642.4.791",TaskStatus,TaskStatus,"The current status of the task.","ValueSet/task-status"
http://hl7.org/fhir/udi-entry-type,4.0.1,draft,"2.16.840.1.113883.4.642.4.212",UDIEntryType,UDIEntryType,"Codes to identify how UDI data was entered.","ValueSet/udi-entry-type"
http://id.who.int/icd/release/11/mms,1.0.0,active,,ICD11MMS,International Classification of Diseases, 11th Revision Mortality and Morbidity Statistics (MMS),"The International Classification of Diseases, 11th Revision Mortality and Morbidity Statistics (MMS) is one of the ICD11 linearizations. Information about the ICD Foundation Component and the ICD11 Linearizations can be found in the complete reference guide here: [https://icd.who.int/icd11refguide/en/index.html](https://icd.who.int/icd11refguide/en/index.html)    ""**The ICD11 Linearizations (Tabular lists)**    A linearization is a subset of the foundation component, that is:    1. fit for a particular purpose: reporting mortality, morbidity, primary care or other uses;     2. composed of entities that are Mutually Exclusive of each other;     3. each entity is given a single parent.    Linearization is similar to the classical print versions of ICD Tabular List (e.g. volume I of ICD-10 or other previous editions). The main linearization of ICD-11 is Mortality and Morbidity Statistics (MMS). Various linearizations could be built at different granularity, use case or other purposes such as for Primary Care, Clinical Care or Research. The linkage from the foundation component to a particular linearization will ensure consistent use of the ICD.""    ICD-11 for Mortality and Morbidity (ICD-11 MMS) can be downloaded in either print or electronic (spreadsheet) format from the  browser in the Info tab located [here](https://icd.who.int/browse11/l-m/en)","ValueSet/ng-hiv-diagnosis-icd11-concepts-vs,ConceptMap/NgHivDiagnosisToICD11"
http://loinc.org,3.1.0,active,"2.16.840.1.113883.6.1",LOINC,Logical Observation Identifiers, Names and Codes (LOINC),"LOINC provides a set of universal names and ID codes for identifying laboratory and clinical test results.1,2 LOINC facilitates the exchange and pooling of results, such as blood hemoglobin, serum potassium, or vital signs, for clinical care, outcomes management, and research. LOINC's universal identifiers (names and codes) can be used in the context of order and observation exchanges between information systems that use syntax standards such as HL73, CEN TC251, ISO TC215, ASTM4, and DICOM. Specifically, the identifier can be used as the coded value for an observation in any other standard that uses the observation/observation value paradigm, whether messages, documents, application programming interface (API), etc. For example, LOINC codes are used widely in the OBX segment Observation Identifier field (OBX-3) of an ORU HL7 (HL7 version 2.x or ASTM 1238-9410) message that may be sent between a Clinical Laboratory Information Management Systems (LIMS) and Electronic Health Record Systems (EHR).5, 6 In this way, LOINC codes provide universal identifiers that allow the exchange of clinical data between heterogeneous computing environments.","ValueSet/ng-results-radiology-observations-vs,ValueSet/ng-hiv-opportunistic-infections-treatment-vs,ValueSet/ng-hiv-pain-scale-vs,ValueSet/ng-hiv-dsd-assessment-status-vs,ValueSet/doc-typecodes,ValueSet/ng-nutritional-suppliments-provided-vs,ValueSet/ng-hiv-status-vs,ValueSet/ng-pregnancy-expected-delivery-date-method-vs,ValueSet/ng-hiv-viral-load-indication-vs,ValueSet/ng-hiv-reason-for-not-testing-vs,ConceptMap/NgHivLocalToLOINC,ValueSet/questionnaire-questions,ValueSet/report-codes,ValueSet/observation-codes,ValueSet/ng-hiv-reason-partner-not-notified-vs,ValueSet/ng-hiv-cervical-cancer-treatment-received-vs,ValueSet/ng-hiv-partner-case-closure-status-vs,ValueSet/ng-hiv-reason-not-linked-to-partner-services-vs,ValueSet/ng-tb-screening-type-vs,ValueSet/ng-hiv-edema-presence-vs,ValueSet/ng-hiv-test-result-vs,ValueSet/ng-hiv-reason-for-art-eligibility-vs,ConceptMap/NgHivLOINCToSNOMEDCT,ValueSet/ng-hiv-art-follow-up-status-vs,ValueSet/doc-section-codes,ValueSet/ng-hiv-dsd-reason-for-category-change-vs,ValueSet/ng-hiv-tracking-vs,ValueSet/ng-family-planning-method-vs,ValueSet/ng-hiv-reason-for-arv-regimen-change-vs,ValueSet/ng-pregnancies-coutcome-vs,ValueSet/ng-tb-diagnostic-test-result-vs,ValueSet/ng-hiv-cd4-vl-classification-for-treatment-failure-vs,ValueSet/ng-hiv-encounter-location-vs,ValueSet/ng-results-laboratory-pathology-observation-vs,ValueSet/ng-pregnancy-place-of-delivery-vs,ValueSet/ng-hiv-plan-for-next-step-vs,ValueSet/ng-tb-tpt-prophylaxis-vs,ValueSet/immunization-recommendation-date-criterion,ValueSet/ng-tb-screening-result-vs,ValueSet/ng-hiv-arv-side-effects-vs,ValueSet/ng-hiv-physical-exam-vs,ValueSet/document-classcodes,ValueSet/ng-pregnancy-mode-of-delivery-vs,ValueSet/ng-hiv-opportunistic-infections-vs,ValueSet/ng-hiv-reasons-for-poor-arv-adherence-vs,ValueSet/ng-hiv-test-results-vs,ValueSet/ng-hiv-referral-reason-vs,ValueSet/ng-hiv-reason-partner-not-contacted-vs,ValueSet/ng-children-developmental-milestone-vs,ValueSet/ng-results-radiology-component-vs,ValueSet/consent-category,ValueSet/ng-hiv-presenting-symptoms-vs,ValueSet/ng-hiv-reason-stopped-art-vs,ValueSet/consent-content-code,ValueSet/ng-hiv-test-type-vs,ValueSet/ng-hiv-loinc-concepts,ValueSet/ng-hiv-health-status-vs,ValueSet/ng-hiv-prevention-plan-vs,ValueSet/ng-hiv-reason-index-case-not-interviewed-vs,ValueSet/ng-patient-education-level-value-set,ValueSet/ng-hiv-cervical-cancer-screening-type-vs"
http://snomed.info/sct,null,active,"2.16.840.1.113883.6.96",SNOMED_CT,SNOMED CT (all versions),"SNOMED CT is the most comprehensive and precise clinical health terminology product in the world, owned and distributed around the world by The International Health Terminology Standards Development Organisation (IHTSDO).","ValueSet/servicerequest-category,ValueSet/ng-pregnancy-status-vs,ValueSet/ng-hiv-disclosure-stage-vs,ValueSet/device-type,ValueSet/specimen-container-type,ValueSet/procedure-followup,ValueSet/medication-form-codes,ValueSet/ng-patient-functional-status-vs,ValueSet/body-site,ValueSet/ng-hiv-snomed-ct-concepts,ValueSet/manifestation-or-symptom,ValueSet/ng-tb-treatment-outcome-vs,ValueSet/procedure-code,ValueSet/goal-start-event,ValueSet/ng-target-population-category-vs,ValueSet/reason-medication-status-codes,ValueSet/medication-as-needed-reason,ValueSet/ng-hiv-partner-case-closure-status-vs,ValueSet/c80-facilitycodes,ValueSet/immunization-reason,ValueSet/ng-body-site-vs,ValueSet/ng-hiv-edema-presence-vs,ValueSet/substance-code,ValueSet/ng-hiv-reason-for-art-eligibility-vs,ValueSet/ng-hiv-residential-type-vs,ConceptMap/NgHivLOINCToSNOMEDCT,ValueSet/ng-hiv-cervical-cancer-screened-vs,ValueSet/allergyintolerance-code,ValueSet/ng-tb-month-ordinals-vs,ValueSet/ng-hiv-tracking-vs,ValueSet/ng-tb-active-tb-diagnosis-vs,ValueSet/observation-methods,ValueSet/questionnaire-answers,ValueSet/servicerequest-orderdetail,ValueSet/ng-hiv-encounter-location-vs,ValueSet/ng-hiv-plan-for-next-step-vs,ValueSet/ng-tb-tpt-prophylaxis-vs,ValueSet/condition-stage,ValueSet/clinical-findings,ValueSet/immunization-target-disease,ConceptMap/NgHivLocalToSNOMEDCT,ValueSet/encounter-reason,ValueSet/ng-results-specimen-type-vs,ValueSet/ng-hiv-encounter-type-vs,ValueSet/ng-hiv-arv-side-effects-vs,ValueSet/participant-role,ValueSet/ng-hiv-viral-load-status-vs,ValueSet/ng-hiv-opportunistic-infections-vs,ValueSet/ng-hiv-reasons-for-poor-arv-adherence-vs,ValueSet/device-action,ValueSet/immunization-recommendation-reason,ValueSet/ng-hiv-referral-reason-vs,ValueSet/medication-codes,ValueSet/ng-results-radiology-component-vs,ValueSet/ng-nutritional-status-vs,ValueSet/ng-current-smoking-status-vs,ValueSet/device-kind,ValueSet/performer-role,ValueSet/ng-hiv-presenting-symptoms-vs,ValueSet/c80-practice-codes,ValueSet/referencerange-appliesto,ValueSet/ng-tb-tpt-alternate-prophylaxis-type-vs,ValueSet/route-codes,ValueSet/care-plan-activity-outcome,ValueSet/procedure-outcome,ValueSet/procedure-reason,ValueSet/procedure-category,ValueSet/condition-code,ValueSet/ng-hiv-prevention-plan-vs,ValueSet/practitioner-role,ValueSet/immunization-recommendation-target-disease,ValueSet/condition-stage-type,ValueSet/ng-hiv-arv-adherence-vs,ValueSet/ng-tb-tpt-reason-not-eligibile-vs,ValueSet/immunization-status-reason,ValueSet/procedure-not-performed-reason,ValueSet/ng-hiv-arv-treatment-vs,ValueSet/ng-results-specimen-collection-method-vs,ValueSet/condition-severity"
http://terminology.hl7.org/CodeSystem/FDI-surface,1.0.0,draft,"2.16.840.1.113883.4.642.1.1154",SurfaceCodes,Surface Codes,"This value set includes a smattering of FDI tooth surface codes.","ValueSet/surface"
http://terminology.hl7.org/CodeSystem/adjudication,1.0.1,active,"2.16.840.1.113883.4.642.1.1171",AdjudicationValueCodes,Adjudication Value Codes,"This value set includes a smattering of Adjudication Value codes which includes codes to indicate the amounts eligible under the plan, the amount of benefit, copays etc.","ValueSet/adjudication"
http://terminology.hl7.org/CodeSystem/adjudication-error,1.0.1,active,"2.16.840.1.113883.4.642.1.1053",AdjudicationErrorCodes,Adjudication Error Codes,"This value set includes a smattering of adjudication codes.","ValueSet/adjudication-error"
http://terminology.hl7.org/CodeSystem/adjudication-reason,1.0.1,active,"2.16.840.1.113883.4.642.1.1172",AdjudicationReasonCodes,Adjudication Reason Codes,"This value set includes smattering of Adjudication Reason codes.","ValueSet/adjudication-reason"
http://terminology.hl7.org/CodeSystem/admit-source,1.0.1,active,"2.16.840.1.113883.4.642.1.1092",AdmitSource,Admit source,"This value set defines a set of codes that can be used to indicate from where the patient came in.","ValueSet/encounter-admit-source"
http://terminology.hl7.org/CodeSystem/allergyintolerance-clinical,1.0.1,active,"2.16.840.1.113883.4.642.1.1373",AllergyIntoleranceClinicalStatusCodes,AllergyIntolerance Clinical Status Codes,"Preferred value set for AllergyIntolerance Clinical Status.","ValueSet/allergyintolerance-clinical"
http://terminology.hl7.org/CodeSystem/allergyintolerance-verification,1.0.1,active,"2.16.840.1.113883.4.642.1.1371",AllergyIntoleranceVerificationStatus,AllergyIntolerance Verification Status,"The verification status to support or decline the clinical status of the allergy or intolerance.","ValueSet/allergyintolerance-verification"
http://terminology.hl7.org/CodeSystem/appointment-cancellation-reason,2.1.1,active,"2.16.840.1.113883.4.642.1.1382",AppointmentCancellationReason,Appointment cancellation reason,"This example value set defines a set of reasons for the cancellation of an appointment.","ValueSet/appointment-cancellation-reason"
http://terminology.hl7.org/CodeSystem/benefit-network,2.0.0,active,"2.16.840.1.113883.4.642.1.1177",NetworkTypeCodes,Network Type Codes,"This code system represents the contractual relationship between a provider and payer for administrative purposes for a specific patient, service, or product.","ValueSet/benefit-network"
http://terminology.hl7.org/CodeSystem/benefit-term,1.0.1,active,"2.16.840.1.113883.4.642.1.1179",BenefitTermCodes,Benefit Term Codes,"This value set includes a smattering of Benefit Term codes.","ValueSet/benefit-term"
http://terminology.hl7.org/CodeSystem/benefit-type,1.0.1,active,"2.16.840.1.113883.4.642.1.1176",BenefitTypeCodes,Benefit Type Codes,"This value set includes a smattering of Benefit type codes.","ValueSet/benefit-type"
http://terminology.hl7.org/CodeSystem/benefit-unit,1.0.1,active,"2.16.840.1.113883.4.642.1.1178",UnitTypeCodes,Unit Type Codes,"This value set includes a smattering of Unit type codes.","ValueSet/benefit-unit"
http://terminology.hl7.org/CodeSystem/claim-exception,1.0.1,active,"2.16.840.1.113883.4.642.1.1162",ExceptionCodes,Exception Codes,"This value set includes sample Exception codes.","ValueSet/claim-exception"
http://terminology.hl7.org/CodeSystem/claim-type,1.0.1,active,"2.16.840.1.113883.4.642.1.1156",ClaimTypeCodes,Claim Type Codes,"This value set includes Claim Type codes.","ValueSet/claim-type"
http://terminology.hl7.org/CodeSystem/claimcareteamrole,1.0.1,active,"2.16.840.1.113883.4.642.1.1165",ClaimCareTeamRoleCodes,Claim Care Team Role Codes,"Claim roles of the care team members providing products and services.","ValueSet/claim-careteamrole"
http://terminology.hl7.org/CodeSystem/claiminformationcategory,1.0.1,active,"2.16.840.1.113883.4.642.1.1163",ClaimInformationCategoryCodes,Claim Information Category Codes,"This value set includes sample Information Category codes.","ValueSet/claim-informationcategory"
http://terminology.hl7.org/CodeSystem/common-tags,1.0.1,active,"2.16.840.1.113883.4.642.1.1067",CommonTags,Common Tags,"Common Tag Codes defined by FHIR project","ValueSet/common-tags"
http://terminology.hl7.org/CodeSystem/communication-category,1.0.1,active,"2.16.840.1.113883.4.642.1.1076",CommunicationCategory,CommunicationCategory,"Codes for general categories of communications such as alerts, instructions, etc.","ValueSet/communication-category"
http://terminology.hl7.org/CodeSystem/communication-not-done-reason,1.0.1,active,"2.16.840.1.113883.4.642.1.1077",CommunicationNotDoneReason,CommunicationNotDoneReason,"Codes for the reason why a communication did not happen.","ValueSet/communication-not-done-reason"
http://terminology.hl7.org/CodeSystem/communication-topic,1.0.1,active,"2.16.840.1.113883.4.642.1.1078",CommunicationTopic,CommunicationTopic,"Codes describing the purpose or content of the communication.","ValueSet/communication-topic"
http://terminology.hl7.org/CodeSystem/composite-measure-scoring,1.0.1,active,"2.16.840.1.113883.4.642.1.1235",CompositeMeasureScoring,CompositeMeasureScoring,"The composite scoring method of the measure.","ValueSet/composite-measure-scoring"
http://terminology.hl7.org/CodeSystem/condition-category,2.0.0,active,"2.16.840.1.113883.4.642.1.1073",ConditionCategoryCodes,Condition Category Codes,"Preferred value set for Condition Categories.","ValueSet/condition-category"
http://terminology.hl7.org/CodeSystem/condition-clinical,3.0.0,active,"2.16.840.1.113883.4.642.1.1074",ConditionClinicalStatusCodes,Condition Clinical Status Codes,"Preferred value set for Condition Clinical Status.","ValueSet/condition-clinical"
http://terminology.hl7.org/CodeSystem/condition-ver-status,2.0.1,active,"2.16.840.1.113883.4.642.1.1075",ConditionVerificationStatus,ConditionVerificationStatus,"The verification status to support or decline the clinical status of the condition or diagnosis.","ValueSet/condition-ver-status"
http://terminology.hl7.org/CodeSystem/consentaction,1.0.1,active,"2.16.840.1.113883.4.642.1.1227",ConsentActionCodes,Consent Action Codes,"This value set includes sample Consent Action codes.","ValueSet/consent-action"
http://terminology.hl7.org/CodeSystem/consentcategorycodes,1.0.1,active,"2.16.840.1.113883.4.642.1.1226",ConsentCategoryCodes,Consent Category Codes,"This value set includes sample Consent Directive Type codes, including several consent directive related LOINC codes; HL7 VALUE SET: ActConsentType(2.16.840.1.113883.1.11.19897); examples of US realm consent directive legal descriptions and references to online and/or downloadable forms such as the SSA-827 Authorization to Disclose Information to the Social Security Administration; and other anticipated consent directives related to participation in a clinical trial, medical procedures, reproductive procedures; health care directive (Living Will); advance directive, do not resuscitate (DNR); Physician Orders for Life-Sustaining Treatment (POLST)","ValueSet/consent-category"
http://terminology.hl7.org/CodeSystem/consentpolicycodes,3.0.1,active,"2.16.840.1.113883.4.642.1.1229",ConsentPolicyRuleCodes,Consent PolicyRule Codes,"This value set includes sample Regulatory consent policy types from the US and other regions.","ValueSet/consent-policy"
http://terminology.hl7.org/CodeSystem/consentscope,2.0.1,active,"2.16.840.1.113883.4.642.1.1228",ConsentScopeCodes,Consent Scope Codes,"This value set includes the four Consent scope codes.","ValueSet/consent-scope"
http://terminology.hl7.org/CodeSystem/contactentity-type,2.0.0,active,"2.16.840.1.113883.4.642.1.1129",ContactEntityType,Contact entity type,"This example value set defines a set of codes that can be used to indicate the purpose for which you would contact a contact party.","ValueSet/contactentity-type"
http://terminology.hl7.org/CodeSystem/contractsignertypecodes,1.0.1,active,"2.16.840.1.113883.4.642.1.1201",ContractSignerTypeCodes,Contract Signer Type Codes,"This value set includes sample Contract Signer Type codes.","ValueSet/security-role-type"
http://terminology.hl7.org/CodeSystem/coverage-class,1.0.1,active,"2.16.840.1.113883.4.642.1.1147",CoverageClassCodes,Coverage Class Codes,"This value set includes Coverage Class codes.","ValueSet/coverage-class"
http://terminology.hl7.org/CodeSystem/coverage-copay-type,1.0.1,active,"2.16.840.1.113883.4.642.1.1149",CoverageCopayTypeCodes,Coverage Copay Type Codes,"This value set includes sample Coverage Copayment Type codes.","ValueSet/coverage-copay-type"
http://terminology.hl7.org/CodeSystem/coverage-selfpay,1.0.1,active,"2.16.840.1.113883.4.642.1.1148",CoverageSelfPayCodes,Coverage SelfPay Codes,"This value set includes Coverage SelfPay codes.","ValueSet/coverage-type"
http://terminology.hl7.org/CodeSystem/coverageeligibilityresponse-ex-auth-support,1.0.1,active,"2.16.840.1.113883.4.642.1.1394",CoverageEligibilityResponseAuthSupportCodes,CoverageEligibilityResponse Auth Support Codes,"This value set includes CoverageEligibilityResponse Auth Support codes.","ValueSet/coverageeligibilityresponse-ex-auth-support"
http://terminology.hl7.org/CodeSystem/data-absent-reason,2.0.0,active,"2.16.840.1.113883.4.642.4.1048",DataAbsentReason,DataAbsentReason,"Used to specify why the normally expected content of the data element is missing.","ValueSet/data-absent-reason"
http://terminology.hl7.org/CodeSystem/definition-topic,1.0.1,active,"2.16.840.1.113883.4.642.1.1244",DefinitionTopic,DefinitionTopic,"High-level categorization of the definition, used for searching, sorting, and filtering.","ValueSet/definition-topic"
http://terminology.hl7.org/CodeSystem/device-status-reason,3.0.0,active,"2.16.840.1.113883.4.642.1.1082",FHIRDeviceStatusReason,FHIRDeviceStatusReason,"The availability status reason of the device.","ValueSet/device-status-reason"
http://terminology.hl7.org/CodeSystem/diagnosis-role,1.1.1,active,"2.16.840.1.113883.4.642.1.1054",DiagnosisRole,Diagnosis Role,"This value set defines a set of codes that can be used to express the role of a diagnosis on the Encounter or EpisodeOfCare record.","ValueSet/diagnosis-role"
http://terminology.hl7.org/CodeSystem/diet,1.0.1,active,"2.16.840.1.113883.4.642.1.1091",Diet,Diet,"This value set defines a set of codes that can be used to indicate dietary preferences or restrictions a patient may have.","ValueSet/encounter-diet"
http://terminology.hl7.org/CodeSystem/discharge-disposition,1.0.1,active,"2.16.840.1.113883.4.642.1.1093",DischargeDisposition,Discharge disposition,"This value set defines a set of codes that can be used to where the patient left the hospital.","ValueSet/encounter-discharge-disposition"
http://terminology.hl7.org/CodeSystem/encounter-special-arrangements,1.0.1,active,"2.16.840.1.113883.4.642.1.1090",SpecialArrangements,Special arrangements,"This value set defines a set of codes that can be used to indicate the kinds of special arrangements in place for a patients visit.","ValueSet/encounter-special-arrangements"
http://terminology.hl7.org/CodeSystem/encounter-type,1.0.1,active,"2.16.840.1.113883.4.642.1.1088",EncounterType,Encounter type,"This example value set defines a set of codes that can be used to indicate the type of encounter: a specific code indicating type of service provided.","ValueSet/encounter-type"
http://terminology.hl7.org/CodeSystem/ex-USCLS,1.0.0,draft,"2.16.840.1.113883.4.642.1.1153",USCLSCodes,USCLS Codes,"This value set includes a smattering of USCLS codes.","ValueSet/service-uscls"
http://terminology.hl7.org/CodeSystem/ex-benefitcategory,1.0.1,active,"2.16.840.1.113883.4.642.1.1175",BenefitCategoryCodes,Benefit Category Codes,"This value set includes examples of Benefit Category codes.","ValueSet/ex-benefitcategory"
http://terminology.hl7.org/CodeSystem/ex-claimsubtype,1.0.1,active,"2.16.840.1.113883.4.642.1.1158",ExampleClaimSubTypeCodes,Example Claim SubType Codes,"This value set includes sample Claim SubType codes which are used to distinguish the claim types for example within type institutional there may be subtypes for emergency services, bed stay and transportation.","ValueSet/claim-subtype"
http://terminology.hl7.org/CodeSystem/ex-coverage-financial-exception,1.0.1,active,"2.16.840.1.113883.4.642.1.1329",ExampleCoverageFinancialExceptionCodes,Example Coverage Financial Exception Codes,"This value set includes Example Coverage Financial Exception Codes.","ValueSet/coverage-financial-exception"
http://terminology.hl7.org/CodeSystem/ex-diagnosis-on-admission,1.0.1,active,"2.16.840.1.113883.4.642.1.1170",ExampleDiagnosisOnAdmissionCodes,Example Diagnosis on Admission Codes,"This value set includes example Diagnosis on Admission codes.","ValueSet/ex-diagnosis-on-admission"
http://terminology.hl7.org/CodeSystem/ex-diagnosisrelatedgroup,1.0.1,active,"2.16.840.1.113883.4.642.1.1166",ExampleDiagnosisRelatedGroupCodes,Example Diagnosis Related Group Codes,"This value set includes example Diagnosis Related Group codes.","ValueSet/ex-diagnosisrelatedgroup"
http://terminology.hl7.org/CodeSystem/ex-diagnosistype,1.0.1,active,"2.16.840.1.113883.4.642.1.1167",ExampleDiagnosisTypeCodes,Example Diagnosis Type Codes,"This value set includes example Diagnosis Type codes.","ValueSet/ex-diagnosistype"
http://terminology.hl7.org/CodeSystem/ex-paymenttype,1.0.1,active,"2.16.840.1.113883.4.642.1.1181",ExamplePaymentTypeCodes,Example Payment Type Codes,"This value set includes example Payment Type codes.","ValueSet/ex-paymenttype"
http://terminology.hl7.org/CodeSystem/ex-procedure-type,1.0.1,active,"2.16.840.1.113883.4.642.1.1388",ExampleProcedureTypeCodes,Example Procedure Type Codes,"This value set includes example Procedure Type codes.","ValueSet/ex-procedure-type"
http://terminology.hl7.org/CodeSystem/ex-programcode,1.0.1,active,"2.16.840.1.113883.4.642.1.1161",ExampleProgramReasonCodes,Example Program Reason Codes,"This value set includes sample Program Reason Span codes.","ValueSet/ex-program-code"
http://terminology.hl7.org/CodeSystem/ex-providerqualification,1.0.1,active,"2.16.840.1.113883.4.642.1.1160",ExampleProviderQualificationCodes,Example Provider Qualification Codes,"This value set includes sample Provider Qualification codes.","ValueSet/provider-qualification"
http://terminology.hl7.org/CodeSystem/ex-relatedclaimrelationship,1.0.1,active,"2.16.840.1.113883.4.642.1.1159",ExampleRelatedClaimRelationshipCodes,Example Related Claim Relationship Codes,"This value set includes sample Related Claim Relationship codes.","ValueSet/related-claim-relationship"
http://terminology.hl7.org/CodeSystem/ex-revenue-center,1.0.1,active,"2.16.840.1.113883.4.642.1.1168",ExampleRevenueCenterCodes,Example Revenue Center Codes,"This value set includes sample Revenue Center codes.","ValueSet/ex-revenue-center"
http://terminology.hl7.org/CodeSystem/ex-serviceplace,1.0.1,active,"2.16.840.1.113883.4.642.1.1157",ExampleServicePlaceCodes,Example Service Place Codes,"This value set includes a smattering of Service Place codes.","ValueSet/service-place"
http://terminology.hl7.org/CodeSystem/ex-tooth,1.0.0,draft,"2.16.840.1.113883.4.642.1.1152",OralSiteCodes,Oral Site Codes,"This value set includes a smattering of FDI oral site codes.","ValueSet/tooth"
http://terminology.hl7.org/CodeSystem/extra-security-role-type,1.0.1,active,,SecurityRoleType,Security Role Type,"This CodeSystem contains Additional FHIR-defined Security Role types not defined elsewhere","ValueSet/security-role-type"
http://terminology.hl7.org/CodeSystem/forms-codes,1.0.1,active,"2.16.840.1.113883.4.642.1.1052",FormCodes,Form Codes,"This value set includes a sample set of Forms codes.","ValueSet/forms"
http://terminology.hl7.org/CodeSystem/fundsreserve,1.0.1,active,"2.16.840.1.113883.4.642.1.1051",FundsReservationCodes,Funds Reservation Codes,"This value set includes sample funds reservation type codes.","ValueSet/fundsreserve"
http://terminology.hl7.org/CodeSystem/goal-achievement,1.0.1,active,"2.16.840.1.113883.4.642.1.1375",GoalAchievementStatus,Goal achievement status,"Describes the progression, or lack thereof, towards the goal against the target.","ValueSet/goal-achievement"
http://terminology.hl7.org/CodeSystem/goal-category,2.0.0,active,"2.16.840.1.113883.4.642.1.1097",GoalCategory,Goal category,"Codes for grouping goals to use for filtering or presentation.","ValueSet/goal-category"
http://terminology.hl7.org/CodeSystem/goal-priority,1.0.1,active,"2.16.840.1.113883.4.642.1.1096",GoalPriority,Goal priority,"Indicates the level of importance associated with reaching or sustaining a goal.","ValueSet/goal-priority"
http://terminology.hl7.org/CodeSystem/immunization-funding-source,1.0.1,active,"2.16.840.1.113883.4.642.1.1100",ImmunizationFundingSource,Immunization Funding Source,"The value set to instantiate this attribute should be drawn from a terminologically robust code system that consists of or contains concepts to support describing the source of the vaccine administered. This value set is provided as a suggestive example.","ValueSet/immunization-funding-source"
http://terminology.hl7.org/CodeSystem/immunization-origin,1.0.1,active,"2.16.840.1.113883.4.642.1.1101",ImmunizationOriginCodes,Immunization Origin Codes,"The value set to instantiate this attribute should be drawn from a terminologically robust code system that consists of or contains concepts to support describing the source of the data when the report of the immunization event is not based on information from the person, entity or organization who administered the vaccine. This value set is provided as a suggestive example.","ValueSet/immunization-origin"
http://terminology.hl7.org/CodeSystem/immunization-program-eligibility,1.0.1,active,"2.16.840.1.113883.4.642.1.1099",ImmunizationProgramEligibility,Immunization Program Eligibility,"The value set to instantiate this attribute should be drawn from a terminologically robust code system that consists of or contains concepts to support describing the patient's eligibility for a vaccination program. This value set is provided as a suggestive example.","ValueSet/immunization-program-eligibility"
http://terminology.hl7.org/CodeSystem/immunization-recommendation-status,2.0.0,active,"2.16.840.1.113883.4.642.1.1104",ImmunizationRecommendationStatusCodes,Immunization Recommendation Status Codes,"The value set to instantiate this attribute should be drawn from a terminologically robust code system that consists of or contains concepts to support describing the status of the patient towards perceived immunity against a vaccine preventable disease. This value set is provided as a suggestive example.","ValueSet/immunization-recommendation-status"
http://terminology.hl7.org/CodeSystem/immunization-subpotent-reason,1.0.1,active,"2.16.840.1.113883.4.642.1.1098",ImmunizationSubpotentReason,Immunization Subpotent Reason,"The value set to instantiate this attribute should be drawn from a terminologically robust code system that consists of or contains concepts to support describing the reason why a dose is considered to be subpotent. This value set is provided as a suggestive example.","ValueSet/immunization-subpotent-reason"
http://terminology.hl7.org/CodeSystem/list-empty-reason,1.0.1,active,"2.16.840.1.113883.4.642.1.1106",ListEmptyReasons,List Empty Reasons,"General reasons for a list to be empty. Reasons are either related to a summary list (i.e. problem or medication list) or to a workflow related list (i.e. consultation list).","ValueSet/list-empty-reason"
http://terminology.hl7.org/CodeSystem/list-order,2.0.0,active,"2.16.840.1.113883.4.642.1.1107",ListOrderCodes,List Order Codes,"Base values for the order of item lists in resources.","ValueSet/list-order"
http://terminology.hl7.org/CodeSystem/location-physical-type,2.0.1,active,"2.16.840.1.113883.4.642.1.1108",LocationType,Location type,"This example value set defines a set of codes that can be used to indicate the physical form of the Location.  This includes several 'non physical' codes which are still considered a location.","ValueSet/location-physical-type"
http://terminology.hl7.org/CodeSystem/measure-data-usage,1.0.1,active,"2.16.840.1.113883.4.642.1.1234",MeasureDataUsage,MeasureDataUsage,"The intended usage for supplemental data elements in the measure.","ValueSet/measure-data-usage"
http://terminology.hl7.org/CodeSystem/measure-improvement-notation,1.0.1,active,"2.16.840.1.113883.4.642.1.1395",MeasureImprovementNotation,MeasureImprovementNotation,"Observation values that indicate what change in a measurement value or score is indicative of an improvement in the measured item or scored issue.","ValueSet/measure-improvement-notation"
http://terminology.hl7.org/CodeSystem/measure-population,2.0.0,active,"2.16.840.1.113883.4.642.1.1231",MeasurePopulationType,Measure Population Type,"The type of population.","ValueSet/measure-population"
http://terminology.hl7.org/CodeSystem/measure-scoring,4.0.0,active,"2.16.840.1.113883.4.642.1.1232",MeasureScoring,Measure Scoring,"The scoring type of the measure.","ValueSet/measure-scoring"
http://terminology.hl7.org/CodeSystem/measure-type,3.0.1,active,"2.16.840.1.113883.4.642.1.1233",MeasureType,MeasureType,"The type of measure (includes codes from 2.16.840.1.113883.1.11.20368).","ValueSet/measure-type"
http://terminology.hl7.org/CodeSystem/medication-statement-category,4.0.1,draft,"2.16.840.1.113883.4.642.4.1120",Medication usage category codes,Medication usage category codes,"Medication Status Codes","ValueSet/medication-statement-category"
http://terminology.hl7.org/CodeSystem/medicationdispense-performer-function,1.0.1,active,"2.16.840.1.113883.4.642.1.1319",MedicationDispensePerformerFunctionCodes,MedicationDispense Performer Function Codes,"MedicationDispense Performer Function Codes","ValueSet/medicationdispense-performer-function"
http://terminology.hl7.org/CodeSystem/medicationdispense-status,4.0.1,draft,"2.16.840.1.113883.4.642.4.1313",MedicationDispense Status Codes,Medication dispense  status  codes,"MedicationDispense Status Codes","ValueSet/medicationdispense-status"
http://terminology.hl7.org/CodeSystem/medicationrequest-category,2.0.0,active,"2.16.840.1.113883.4.642.1.1323",MedicationRequestCategoryCodes,MedicationRequest Category Codes,"MedicationRequest Category Codes","ValueSet/medicationrequest-category"
http://terminology.hl7.org/CodeSystem/medicationrequest-course-of-therapy,1.0.1,active,"2.16.840.1.113883.4.642.1.1327",MedicationRequestCourseOfTherapyCodes,MedicationRequest Course of Therapy Codes,"MedicationRequest Course of Therapy Codes","ValueSet/medicationrequest-course-of-therapy"
http://terminology.hl7.org/CodeSystem/medicationrequest-status-reason,1.0.1,active,"2.16.840.1.113883.4.642.1.1325",MedicationRequestStatusReasonCodes,MedicationRequest Status Reason Codes,"MedicationRequest Status Reason Codes","ValueSet/medicationrequest-status-reason"
http://terminology.hl7.org/CodeSystem/missingtoothreason,1.0.1,active,"2.16.840.1.113883.4.642.1.1150",MissingToothReasonCodes,Missing Tooth Reason Codes,"This value set includes sample Missing Tooth Reason codes.","ValueSet/missing-tooth-reason"
http://terminology.hl7.org/CodeSystem/modifiers,1.0.1,active,"2.16.840.1.113883.4.642.1.1151",ModifierTypeCodes,Modifier type Codes,"This value set includes sample Modifier type codes.","ValueSet/claim-modifiers"
http://terminology.hl7.org/CodeSystem/observation-category,2.0.0,active,"2.16.840.1.113883.4.642.1.1125",ObservationCategoryCodes,Observation Category Codes,"Observation Category codes.","ValueSet/observation-category"
http://terminology.hl7.org/CodeSystem/organization-type,2.0.1,active,"2.16.840.1.113883.4.642.1.1128",OrganizationType,Organization type,"This example value set defines a set of codes that can be used to indicate a type of organization.","ValueSet/organization-type,ValueSet/ng-provider-org-type-vs,ValueSet/ng-insurer-org-type-vs,ValueSet/ng-pharmacy-org-type-vs"
http://terminology.hl7.org/CodeSystem/participant-type,1.0.1,active,"2.16.840.1.113883.4.642.1.1089",ParticipantType,Participant type,"This value set defines a set of codes that can be used to indicate how an individual participates in an encounter.","ValueSet/encounter-participant-type"
http://terminology.hl7.org/CodeSystem/payeetype,1.0.1,active,"2.16.840.1.113883.4.642.1.1050",ClaimPayeeTypeCodes,Payee Type Codes,"Codes indicating the type of party to be reimbursed for cost of products and services.","ValueSet/payeetype"
http://terminology.hl7.org/CodeSystem/payment-adjustment-reason,1.0.1,active,"2.16.840.1.113883.4.642.1.1173",PaymentAdjustmentReasonCodes,Payment Adjustment Reason Codes,"This value set includes smattering of Payment Adjustment Reason codes.","ValueSet/payment-adjustment-reason"
http://terminology.hl7.org/CodeSystem/practitioner-role,1.0.1,active,"2.16.840.1.113883.4.642.1.1132",PractitionerRole,Practitioner role,"This example value set defines a set of codes that can be used to indicate the role of a Practitioner.","ValueSet/practitioner-role"
http://terminology.hl7.org/CodeSystem/processpriority,1.0.1,active,"2.16.840.1.113883.4.642.1.1155",ProcessPriorityCodes,Process Priority Codes,"This value set includes the financial processing priority codes.","ValueSet/process-priority"
http://terminology.hl7.org/CodeSystem/program,1.0.1,active,"2.16.840.1.113883.4.642.1.1384",Program,Program,"This value set defines an example set of codes that could be can be used to classify groupings of service-types/specialties.","ValueSet/program"
http://terminology.hl7.org/CodeSystem/provenance-participant-type,2.0.0,active,"2.16.840.1.113883.4.642.1.1131",ProvenanceParticipantType,Provenance participant type,"These codes define the type of participation by an agent in a provenance activity. An agent is something that bears the responsibility identified by the type of participation in the activity taking place, for the existence of an entity, or for another agent's activity. An Agent may be An agent, device, system, organization, group, care-team, or other identifiable thing.","ValueSet/provenance-agent-type"
http://terminology.hl7.org/CodeSystem/referencerange-meaning,1.0.1,active,"2.16.840.1.113883.4.642.1.1124",ObservationReferenceRangeMeaningCodes,Observation Reference Range Meaning Codes,"This value set defines a set of codes that can be used to indicate the meaning/use of a reference range for a particular target population.","ValueSet/referencerange-meaning"
http://terminology.hl7.org/CodeSystem/service-category,1.1.1,active,"2.16.840.1.113883.4.642.1.1144",ServiceCategory,Service category,"This value set defines an example set of codes that can be used to classify groupings of service-types/specialties.","ValueSet/service-category"
http://terminology.hl7.org/CodeSystem/service-provision-conditions,1.0.1,active,"2.16.840.1.113883.4.642.1.1143",ServiceProvisionConditions,ServiceProvisionConditions,"The code(s) that detail the conditions under which the healthcare service is available/offered.","ValueSet/service-provision-conditions"
http://terminology.hl7.org/CodeSystem/service-referral-method,1.0.1,active,"2.16.840.1.113883.4.642.1.1142",ReferralMethod,ReferralMethod,"The methods of referral can be used when referring to a specific HealthCareService resource.","ValueSet/service-referral-method"
http://terminology.hl7.org/CodeSystem/service-type,1.1.1,active,"2.16.840.1.113883.4.642.1.1145",ServiceType,Service type,"This value set defines an example set of codes of service-types.","ValueSet/service-type"
http://terminology.hl7.org/CodeSystem/subscriber-relationship,1.0.1,active,"2.16.840.1.113883.4.642.1.1386",SubscriberRelationshipCodes,SubscriberPolicyholder Relationship Codes,"This value set includes codes for the relationship between the Subscriber and the Beneficiary (insured/covered party/patient).","ValueSet/subscriber-relationship"
http://terminology.hl7.org/CodeSystem/v2-0074,3.0.0,active,"2.16.840.1.113883.18.29",DiagnosticServiceSectionId,diagnosticServiceSectionId,"HL7-defined code system of concepts which specify a section of a diagnostic service where the observation may be performed.  Used in HL7 Version 2.x messaging in the OBR and OM4 segments.","ValueSet/diagnostic-service-sections"
http://terminology.hl7.org/CodeSystem/v2-0092,3.0.0,active,"2.16.840.1.113883.18.36",ReAdmissionIndicator,re-admissionIndicator,"Code system of concepts which are used to specify that a patient is being re admitted to a healthcare facilityin from which they were discharged, and indicates the circumstances around such re-admission.  Used in HL7 Version 2.x messagine in the PV1 segment.","ValueSet/v2-0092"
http://terminology.hl7.org/CodeSystem/v2-0116,3.0.0,active,"2.16.840.1.113883.18.47",BedStatus,bedStatus,"Code system of concepts which specify the state of a bed in an inpatient setting, and is used to determine if a patient may be assigned to it or not.  Used in HL7 Version 2.x messaging in the DLD and PV1 segments.","ValueSet/v2-0116"
http://terminology.hl7.org/CodeSystem/v2-0131,3.0.0,active,"2.16.840.1.113883.18.58",ContactRole2,contactRole2,"Code system of concepts which specify a relationship role that the next of kin/associated parties plays with regard to the patient. Also used in referrals, for example, it may be necessary to identify the contact representative at the clinic that sent a referral. Used in HL7 Version 2 messaging in the NK1 and CTD segments after 2.5, when it replace 2.16.840.1.113883.18.57.","ValueSet/relatedperson-relationshiptype,ValueSet/patient-contactrelationship"
http://terminology.hl7.org/CodeSystem/v2-0203,5.0.0,active,"2.16.840.1.113883.18.108",IdentifierType,identifierType,"HL7-defined code system of concepts specifying type of identifier. Used in HL7 Version 2.x messaging data types CX, PLN, PPN, XCN and XON.","ValueSet/identifier-type"
http://terminology.hl7.org/CodeSystem/v2-0276,3.0.0,active,"2.16.840.1.113883.18.169",AppointmentReason,appointmentReason,"Code system of concepts used to describe the kind of appointment or the reason why an appointment has been scheduled.  Used in HL7 Version 2.x messaging in the ARQ segment.","ValueSet/v2-0276"
http://terminology.hl7.org/CodeSystem/v2-0371,3.0.0,active,"2.16.840.1.113883.18.229",AdditivePreservative,additivePreservative,"HL7-defined code system of concepts specifying any additive introduced to the specimen before or at the time of collection.  These additives may be introduced in order to preserve, maintain or enhance the particular nature or component of the specimen.  Used in HL7 Version 2.x messaging in the SPM and SAC segments.","ValueSet/v2-0371"
http://terminology.hl7.org/CodeSystem/v2-0373,3.0.0,active,"2.16.840.1.113883.18.231",Treatment,treatment,"Code system of concepts that identify the specimen treatment performed during lab processing.  Used in the Interaction Specimen Container Detail (SAC) segment in HL7 Version 2.x messaging.","ValueSet/specimen-processing-procedure"
http://terminology.hl7.org/CodeSystem/v2-0443,3.0.0,active,"2.16.840.1.113883.18.283",ProviderRole,providerRole,"Code system of concepts specifying the functional involvement with the activity being transmitted (e.g., Case Manager, Evaluator, Transcriber, Nurse Care Practitioner, Midwife, Physician Assistant, etc.).  Used in HL7 Version 2.x messaging in the ROL segment.","ValueSet/immunization-function"
http://terminology.hl7.org/CodeSystem/v2-0487,3.0.0,active,"2.16.840.1.113883.18.311",SpecimenType,specimenType,"HL7-defined code system of concepts that describe the precise nature of an entity that may be used as the source material for an observation.  This is one of two code systems that are used instead of table 0070 (code system 2.16.840.1.113883.18.28) which conflated specimen types and specimen collection methods.   Used in HL7 Version 2.x messaging in the SPM segment.","ValueSet/ng-tb-screening-specimen-type-vs"
http://terminology.hl7.org/CodeSystem/v2-0493,3.0.0,active,"2.16.840.1.113883.18.317",SpecimenCondition,specimenCondition,"Code system of concepts specifying a mode or state of being that describes the nature of the specimen.  Used in HL7 Version 2.x messaging in the SPM segment.","ValueSet/v2-0493"
http://terminology.hl7.org/CodeSystem/v2-0916,3.0.0,active,"2.16.840.1.113883.18.422",RelevantClincialInformation,relevantClincialInformation,"Code system of concepts specifying additional clinical information about the patient or specimen to report the supporting and/or suspected diagnosis and clinical findings on requests for interpreted diagnostic studies. Used in HL7 Version 2.x messaging in the OBR segment.","ValueSet/v2-0916"
http://terminology.hl7.org/CodeSystem/v3-ActCode,11.0.0,active,"2.16.840.1.113883.5.4",ActCode,ActCode,"A code specifying the particular kind of Act that the Act-instance represents within its class.    *Constraints:* The kind of Act (e.g. physical examination, serum potassium, inpatient encounter, charge financial transaction, etc.) is specified with a code from one of several, typically external, coding systems. The coding system will depend on the class of Act, such as LOINC for observations, etc.    Conceptually, the Act.code must be a specialization of the Act.classCode. This is why the structure of ActClass domain should be reflected in the superstructure of the ActCode domain and then individual codes or externally referenced vocabularies subordinated under these domains that reflect the ActClass structure.    Act.classCode and Act.code are not modifiers of each other but the Act.code concept should really imply the Act.classCode concept. For a negative example, it is not appropriate to use an Act.code ""potassium"" together with and Act.classCode for ""laboratory observation"" to somehow mean ""potassium laboratory observation"" and then use the same Act.code for ""potassium"" together with Act.classCode for ""medication"" to mean ""substitution of potassium"". This mutually modifying use of Act.code and Act.classCode is not permitted.","ValueSet/v3-ActPharmacySupplyType,ValueSet/v3-ActIncidentCode,ValueSet/v3-ActCode,ValueSet/provenance-activity-type,ValueSet/v3-ActEncounterCode"
http://terminology.hl7.org/CodeSystem/v3-ActPriority,5.0.0,active,"2.16.840.1.113883.5.7",ActPriority,ActPriority,"A set of codes (e.g., for routine, emergency), specifying the urgency under which the Act happened, can happen, is happening, is intended to happen, or is requested/demanded to happen.","ValueSet/v3-ActPriority"
http://terminology.hl7.org/CodeSystem/v3-ActReason,4.0.0,active,"2.16.840.1.113883.5.8",ActReason,ActReason,"A set of codes specifying the motivation, cause, or rationale of an Act, when such rationale is not reasonably represented as an ActRelationship of type ""has reason"" linking to another Act.    *Examples:* Example reasons that might qualify for being coded in this field might be: ""routine requirement"", ""infectious disease reporting requirement"", ""on patient request"", ""required by law"".","ValueSet/v3-PurposeOfUse,ValueSet/immunization-status-reason,ValueSet/v3-SubstanceAdminSubstitutionReason"
http://terminology.hl7.org/CodeSystem/v3-ActSite,5.0.0,active,"2.16.840.1.113883.5.1052",ActSite,ActSite,"An anatomical location on an organism which can be the focus of an act.","ValueSet/immunization-site"
http://terminology.hl7.org/CodeSystem/v3-Confidentiality,5.0.0,active,"2.16.840.1.113883.5.25",Confidentiality,Confidentiality,"A set of codes specifying the security classification of acts and roles in accordance with the definition for concept domain ""Confidentiality"".","ValueSet/v3-ConfidentialityClassification"
http://terminology.hl7.org/CodeSystem/v3-DataOperation,7.0.0,active,"2.16.840.1.113883.5.1123",DataOperation,DataOperation,"**** MISSING DESCRIPTION ****","ValueSet/provenance-activity-type"
http://terminology.hl7.org/CodeSystem/v3-DocumentCompletion,4.0.0,active,"2.16.840.1.113883.5.33",DocumentCompletion,DocumentCompletion,"Identifies the current completion state of a clinical document.","ValueSet/provenance-activity-type"
http://terminology.hl7.org/CodeSystem/v3-EncounterSpecialCourtesy,4.0.0,active,"2.16.840.1.113883.5.40",EncounterSpecialCourtesy,EncounterSpecialCourtesy,"**** MISSING DESCRIPTION ****","ValueSet/encounter-special-courtesy"
http://terminology.hl7.org/CodeSystem/v3-MaritalStatus,5.0.0,active,"2.16.840.1.113883.5.2",MaritalStatus,MaritalStatus,"\* \* \* No description supplied \* \* \*    *Open Issue:* The specific meanings of these codes can vary somewhat by jurisdiction and implementation so caution should be used when determining equivalency.    *Open Issue:* fixing and completion of the hierarchy and proper good definitions of all the concepts is badly needed.","ValueSet/marital-status"
http://terminology.hl7.org/CodeSystem/v3-NullFlavor,4.0.0,active,"2.16.840.1.113883.5.1008",NullFlavor,NullFlavor,"A collection of codes specifying why a valid value is not present.","ValueSet/marital-status,ValueSet/encounter-special-courtesy"
http://terminology.hl7.org/CodeSystem/v3-ObservationInterpretation,4.0.0,active,"2.16.840.1.113883.5.83",ObservationInterpretation,ObservationInterpretation,"One or more codes providing a rough qualitative interpretation of the observation, such as ""normal"" / ""abnormal"", ""low"" / ""high"", ""better"" / ""worse"", ""resistant"" / ""susceptible"", ""expected"" / ""not expected"". The value set is intended to be for ANY use where coded representation of an interpretation is needed.","ValueSet/observation-interpretation,ValueSet/ng-hiv-physical-examination-interpretation-vs"
http://terminology.hl7.org/CodeSystem/v3-ParticipationFunction,5.0.0,active,"2.16.840.1.113883.5.88",ParticipationFunction,ParticipationFunction,"This code is used to specify the exact function an actor had in a service in all necessary detail. This domain may include local extensions (CWE).","ValueSet/security-role-type"
http://terminology.hl7.org/CodeSystem/v3-ParticipationMode,6.0.0,active,"2.16.840.1.113883.5.1064",ParticipationMode,ParticipationMode,"A set of codes specifying the modality by which the Entity playing the Role is participating in the Act.    *Examples:* Physically present, over the telephone, written communication.    *Rationale:* Particularly for author (originator) participants this is used to specify whether the information represented by the act was initially provided verbally, (hand-)written, or electronically.    *Open Issue:* There needs to be a reexamination of the hierarchies as there seems to be some muddling between ELECTRONIC and other concepts that involve electronic communication that are in other hierarchies.","ValueSet/v3-ParticipationMode"
http://terminology.hl7.org/CodeSystem/v3-ParticipationType,7.0.0,active,"2.16.840.1.113883.5.90",ParticipationType,ParticipationType,"A code specifying the meaning and purpose of every Participation instance. Each of its values implies specific constraints on the Roles undertaking the participation.","ValueSet/security-role-type,ValueSet/encounter-participant-type,ValueSet/provenance-activity-type"
http://terminology.hl7.org/CodeSystem/v3-RoleClass,6.0.0,active,"2.16.840.1.113883.5.110",RoleClass,RoleClass,"Codes for the Role class hierarchy. The values in this hierarchy, represent a Role which is an association or relationship between two entities - the entity that plays the role and the entity that scopes the role. Roles names are derived from the name of the playing entity in that role.    The role hierarchy stems from three core concepts, or abstract domains:     *  **RoleClassOntological** is an abstract domain that collects roles in which the playing entity is defined or specified by the scoping entity.   *  **RoleClassPartitive** collects roles in which the playing entity is in some sense a ""part"" of the scoping entity.   *  **RoleClassAssociative** collects all of the remaining forms of association between the playing entity and the scoping entity. This set of roles is further partitioned between:             *  **RoleClassPassive** which are roles in which the playing entity is used, known, treated, handled, built, or destroyed, etc. under the auspices of the scoping entity. The playing entity is passive in these roles in that the role exists without an agreement from the playing entity.       *  **RoleClassMutualRelationship** which are relationships based on mutual behavior of the two entities. The basis of these relationship may be formal agreements or they may be *de facto* behavior. Thus, this sub-domain is further divided into:                     *  **RoleClassRelationshipFormal** in which the relationship is formally defined, frequently by a contract or agreement.           *  **Personal relationship** which inks two people in a personal relationship.    The hierarchy discussed above is represented In the current vocabulary tables as a set of abstract domains, with the exception of the ""Personal relationship"" which is a leaf concept.    *OpenIssue:* Description copied from Concept Domain of same name. Must be verified.","ValueSet/security-role-type"
http://terminology.hl7.org/CodeSystem/v3-RoleCode,4.0.0,active,"2.16.840.1.113883.5.111",RoleCode,RoleCode,"A set of codes further specifying the kind of Role; specific classification codes for further qualifying RoleClass codes.","ValueSet/security-role-type,ValueSet/relatedperson-relationshiptype,ValueSet/v3-ServiceDeliveryLocationRoleType"
http://terminology.hl7.org/CodeSystem/v3-RouteOfAdministration,4.0.0,active,"2.16.840.1.113883.5.112",RouteOfAdministration,RouteOfAdministration,"The path the administered medication takes to get into the body or into contact with the body.","ValueSet/immunization-route"
http://terminology.hl7.org/CodeSystem/v3-substanceAdminSubstitution,5.0.0,active,"2.16.840.1.113883.5.1070",SubstanceAdminSubstitution,Substance Admin Substitution,"Identifies what sort of change is permitted or has occurred between the therapy that was ordered and the therapy that was/will be provided.","ValueSet/v3-ActSubstanceAdminSubstitutionCode"
http://terminology.hl7.org/fhir/CodeSystem/medicationdispense-category,4.0.1,draft,"2.16.840.1.113883.4.642.4.1315",MedicationDispense Category Codes,Medication dispense  category  codes,"MedicationDispense Category Codes","ValueSet/medicationdispense-category"
http://terminology.hl7.org/fhir/CodeSystem/medicationdispense-status-reason,4.0.1,draft,"2.16.840.1.113883.4.642.4.1317",MedicationDispense Status Reason Codes,Medication dispense  status  reason  codes,"MedicationDispense Status Codes","ValueSet/medicationdispense-status-reason"
http://unitsofmeasure.org,3.0.1,active,,UCUM,Unified Code for Units of Measure (UCUM),"The Unified Code for Units of Measure (UCUM) is a code system intended to include all units of measures being contemporarily used in international science, engineering, and business. The purpose is to facilitate unambiguous electronic communication of quantities together with their units. The focus is on electronic communication, as opposed to communication between humans. A typical application of The Unified Code for Units of Measure are electronic data interchange (EDI) protocols, but there is nothing that prevents it from being used in other types of machine communication.","ValueSet/units-of-time"
https://fhir-ig.digitalhealth.gov.ng/CodeSystem/ng-alert-category-cs,0.0.0,active,"2.16.840.1.113884.3.9944.1.16.2",NgAlertCategoryCS,Nigeria Alert Category Code System,"Categories used to classify alerts represented using the Nigeria Alert Flag profile.","ValueSet/ng-alert-category-vs"
https://fhir-ig.digitalhealth.gov.ng/CodeSystem/ng-alert-code-cs,0.0.0,active,"2.16.840.1.113884.3.9944.1.16.3",NgAlertCodeCS,Nigeria Alert Code System,"Common alert types used by Nigerian health information systems and represented using the Nigeria Alert Flag profile.","ValueSet/ng-alert-code-vs"
https://fhir-ig.digitalhealth.gov.ng/CodeSystem/ng-atc-medication-cs,0.0.0,active,"2.16.840.1.113884.3.9944.1.16.4",NgATCLocalMedicationCS,NG Local ATC Medication Codes,"Local ATC. Codes are placeholders aligned to common maternal, newborn, and child health needs, plus EPI vaccines.","ValueSet/ng-atc-all-medications-vs"
https://fhir-ig.digitalhealth.gov.ng/CodeSystem/ng-bundle-identifier-cs,0.0.0,active,"2.16.840.1.113884.3.9944.1.16.5",NgBundleIdentifierCS,NG Bundle Identifier Codes,"Local CodeSystem defining standard bundle identifiers.","ValueSet/ng-bundle-identifier-vs"
https://fhir-ig.digitalhealth.gov.ng/CodeSystem/ng-careplan-activity-cs,0.0.0,active,"2.16.840.1.113884.3.9944.1.16.6",NgCareplanActivityCS,NG CarePlan Activity Codes,"Activities for CarePlan.activity.detail.code.","ValueSet/ng-careplan-activity-vs"
https://fhir-ig.digitalhealth.gov.ng/CodeSystem/ng-careplan-category-cs,0.0.0,active,"2.16.840.1.113884.3.9944.1.16.7",NgCareplanCategoryCS,NG CarePlan Category Codes,"Categories for CarePlan.","ValueSet/ng-careplan-category-vs"
https://fhir-ig.digitalhealth.gov.ng/CodeSystem/ng-children-developmental-milestone-cs,0.0.0,active,"2.16.840.1.113884.3.9944.1.16.8",NgChildrenDevelopmentalMilestoneCS,Children Developmental Milestone Codes CodeSystem,"Code used for representing the child's developmental milestone.","ValueSet/ng-children-developmental-milestone-vs"
https://fhir-ig.digitalhealth.gov.ng/CodeSystem/ng-clinical-status-cs,0.0.0,active,"2.16.840.1.113884.3.9944.1.16.10",NgClinicalStatusCS,NG Adverse Event CS,"A classification system that represents the current clinical status of an individual who experienced an Adverse Event Following Immunization (AEFI), based on medical observation, investigation, or follow-up assessment.","ValueSet/ng-immunization-clinical-status-vs"
https://fhir-ig.digitalhealth.gov.ng/CodeSystem/ng-device-identifier-cs,0.0.0,active,"2.16.840.1.113884.3.9944.1.16.11",NgDeviceIdentifierCS,NG Electromechanical Medical Device Identifier CS,"Simplified CodeSystem of 50 placeholder identifiers for electromechanical medical devices (vital signs, analyzers, imaging/DICOM, bedside, handheld, IoT).","ValueSet/ng-device-identifier-vs"
https://fhir-ig.digitalhealth.gov.ng/CodeSystem/ng-facility-identifier-cs,0.0.0,active,"2.16.840.1.113884.3.9944.1.16.15",NgFacilityIdentifierCS,NG Facility Identifier CS,"This CodeSystem IMMZ.A.DE1 defines placeholder codes to manage Facility identifiers in Nigeria.","ValueSet/ng-facility-identifier-vs"
https://fhir-ig.digitalhealth.gov.ng/CodeSystem/ng-facility-type-cs,0.0.0,active,"2.16.840.1.113884.3.9944.1.16.16",NgFacilityTypeCS,NG Facility Type CS,"A standardized classification system used to describe the type or level of health facility within a healthcare delivery system, based on the scope of services provided, staffing, infrastructure, and administrative role.","ValueSet/ng-facility-type-vs"
https://fhir-ig.digitalhealth.gov.ng/CodeSystem/ng-hiv-absent-unknown-cs,0.0.0,active,"2.16.840.1.113884.3.9944.1.16.17",NgHivAbsentUnknownCS,HIV Absent or Unknown CodeSystem,"Codes used for indicating when a value is absent or unknown.","ValueSet/ng-yes-no-vs,ValueSet/ng-hiv-occupation-vs"
https://fhir-ig.digitalhealth.gov.ng/CodeSystem/ng-hiv-art-eligibility-status-cs,0.0.0,active,"2.16.840.1.113884.3.9944.1.16.18",NgHivARTEligibilityStatusCS,HIV Eligility Status for ART Codes,"Observation codes used for indicating patient eligibility for ART.","ValueSet/ng-hiv-art-eligibility-status-vs"
https://fhir-ig.digitalhealth.gov.ng/CodeSystem/ng-hiv-art-follow-up-status-cs,0.0.0,active,"2.16.840.1.113884.3.9944.1.16.19",NgHivARTFollowUpStatusCS,HIV Follow Up Status CodeSystem,"A list of codes describing the follow up statuses","ConceptMap/NgHivLocalToWHOHiv,ConceptMap/NgHivLocalToLOINC,ConceptMap/NgHivLocalToSNOMEDCT,ValueSet/ng-hiv-art-follow-up-status-vs,ValueSet/ng-hiv-art-register-outcome-vs,ValueSet/ng-hiv-local-concepts"
https://fhir-ig.digitalhealth.gov.ng/CodeSystem/ng-hiv-art-monthly-summary-cs,0.0.0,draft,"2.16.840.1.113884.3.9944.1.16.20",NgHivArtMonthlySummaryCS,NG HIV ART Monthly Summary Codes,"Indicator, stratifier-dimension and local disaggregation codes for the Nigeria ART Monthly Summary Form revised November 2025.","ValueSet/ng-hiv-art-monthly-interruption-outcome-vs,ValueSet/ng-hiv-art-monthly-crag-age-group-vs,ValueSet/ng-hiv-art-monthly-crag-result-vs,ValueSet/ng-hiv-art-monthly-cervical-screening-result-vs,ValueSet/ng-hiv-art-monthly-cm-result-vs,ValueSet/ng-hiv-art-monthly-cervical-age-group-vs,ValueSet/ng-hiv-art-monthly-mmd-duration-vs,ValueSet/ng-hiv-art-monthly-tb-ahd-age-group-vs,ValueSet/ng-hiv-art-monthly-indicator-vs,ValueSet/ng-hiv-art-monthly-cervical-treatment-type-vs,ValueSet/ng-hiv-art-monthly-cervical-screening-timing-vs,ValueSet/ng-hiv-art-monthly-age-group-vs,ValueSet/ng-hiv-art-monthly-ahd-category-vs"
https://fhir-ig.digitalhealth.gov.ng/CodeSystem/ng-hiv-art-register-cervical-status-cs,0.0.0,draft,"2.16.840.1.113884.3.9944.1.16.21",NgHivArtRegisterCervicalStatusCS,NG HIV ART Register Cervical Cancer Screening Status Codes,"Combined cervical-cancer screening workflow statuses printed in column A27 of the National ART Register.","ValueSet/ng-hiv-art-register-cervical-status-vs"
https://fhir-ig.digitalhealth.gov.ng/CodeSystem/ng-hiv-art-register-cryptococcal-status-cs,0.0.0,draft,"2.16.840.1.113884.3.9944.1.16.22",NgHivArtRegisterCryptococcalStatusCS,NG HIV ART Register Cryptococcal Status Codes,"Cryptococcal screening and treatment-state codes printed in column A25 of the National ART Register.","ValueSet/ng-hiv-art-register-cryptococcal-status-vs"
https://fhir-ig.digitalhealth.gov.ng/CodeSystem/ng-hiv-art-register-dsd-status-cs,0.0.0,draft,"2.16.840.1.113884.3.9944.1.16.23",NgHivArtRegisterDsdStatusCS,NG HIV ART Register DSD Status Codes,"Facility- and community-based differentiated-service-delivery model codes printed in column A33 of the National ART Register.","ValueSet/ng-hiv-art-register-dsd-status-vs"
https://fhir-ig.digitalhealth.gov.ng/CodeSystem/ng-hiv-art-register-hepatitis-status-cs,0.0.0,draft,"2.16.840.1.113884.3.9944.1.16.24",NgHivArtRegisterHepatitisStatusCS,NG HIV ART Register Hepatitis Screening Codes,"Hepatitis screening and treatment codes printed in column A28 of the National ART Register.","ValueSet/ng-hiv-art-register-hepatitis-status-vs"
https://fhir-ig.digitalhealth.gov.ng/CodeSystem/ng-hiv-art-register-regimen-cs,0.0.0,draft,"2.16.840.1.113884.3.9944.1.16.25",NgHivArtRegisterRegimenCS,NG HIV ART Register Regimen Codes,"Adult and paediatric first-, second- and third-line ART regimen codes printed on the November 2025 National ART Register.","ValueSet/ng-hiv-art-register-regimen-vs"
https://fhir-ig.digitalhealth.gov.ng/CodeSystem/ng-hiv-art-register-tb-status-cs,0.0.0,draft,"2.16.840.1.113884.3.9944.1.16.26",NgHivArtRegisterTbStatusCS,NG HIV ART Register TB Status Codes,"Combined TB screening, diagnostic and treatment status codes printed on column A20 of the National ART Register.","ValueSet/ng-hiv-art-register-tb-status-vs"
https://fhir-ig.digitalhealth.gov.ng/CodeSystem/ng-hiv-art-register-tpt-outcome-cs,0.0.0,draft,"2.16.840.1.113884.3.9944.1.16.27",NgHivArtRegisterTptOutcomeCS,NG HIV ART Register TPT Outcome Codes,"TB preventive-therapy outcome codes printed in column A22 of the National ART Register.","ValueSet/ng-hiv-art-register-tpt-outcome-vs"
https://fhir-ig.digitalhealth.gov.ng/CodeSystem/ng-hiv-arv-adherence-cs,0.0.0,active,"2.16.840.1.113884.3.9944.1.16.28",NgHivARVAdherenceCS,HIV-ARV Adherence CodeSystem,"ARV Adherence","ConceptMap/NgHivLocalToWHOHiv,ValueSet/ng-hiv-arv-adherence-vs,ConceptMap/NgHivLocalToLOINC,ValueSet/ng-hiv-local-concepts"
https://fhir-ig.digitalhealth.gov.ng/CodeSystem/ng-hiv-arv-regimen-change-category-cs,0.0.0,active,"2.16.840.1.113884.3.9944.1.16.29",NgHivARVRegimenChangeCategoryCS,HIV ARV Regimen Change Category,"Codes used for representing the category for the ARV regimen change.","ValueSet/ng-hiv-arv-regimen-change-category-vs"
https://fhir-ig.digitalhealth.gov.ng/CodeSystem/ng-hiv-arv-regimen-substitute-type-cs,0.0.0,active,"2.16.840.1.113884.3.9944.1.16.30",NgHivARVRegimenSubstituteTypeCS,HIV ARV Regimen Substitue Type,"Codes used for representing the type for the ARV regimen substitued.","ValueSet/ng-hiv-arv-regimen-change-type-vs"
https://fhir-ig.digitalhealth.gov.ng/CodeSystem/ng-hiv-arv-regimen-switch-type-cs,0.0.0,active,"2.16.840.1.113884.3.9944.1.16.31",NgHivARVRegimenSwitchTypeCS,ARV Regimen Switch Type,"Codes used for representing the type for the ARV regimen switched.","ValueSet/ng-hiv-arv-regimen-change-type-vs"
https://fhir-ig.digitalhealth.gov.ng/CodeSystem/ng-hiv-arv-treatment-cs,0.0.0,active,"2.16.840.1.113884.3.9944.1.16.32",NgHivARVTreatmentCS,HIV ARV Drugs CodeSystem,"A list of codes describing the ARV Drugs.","ValueSet/ng-hiv-arv-treatment-vs"
https://fhir-ig.digitalhealth.gov.ng/CodeSystem/ng-hiv-care-art-codes-cs,0.0.0,active,"2.16.840.1.113884.3.9944.1.16.33",NgHivCareArtCodesCS,NG HIV Care and ART Codes,"Local codes transcribed from the Nigeria HIV Care/ART Card for coded answers used by the HIV care and ART Questionnaire.","ValueSet/ng-hiv-regimen-change-reason-vs,ValueSet/ng-hiv-educational-status-vs,ValueSet/ng-hiv-marital-status-vs,ValueSet/ng-hiv-tb-preventive-therapy-vs,ValueSet/ng-hiv-drug-resistance-result-vs,ValueSet/ng-hiv-prior-art-vs,ValueSet/ng-hiv-kp-typology-vs,ValueSet/ng-hiv-cd4-reference-vs,ValueSet/ng-hiv-care-entry-point-vs,ValueSet/ng-hiv-cause-of-death-vs,ValueSet/ng-hiv-art-stop-reason-vs"
https://fhir-ig.digitalhealth.gov.ng/CodeSystem/ng-hiv-cd4-vl-classification-for-treatment-failure-cs,0.0.0,active,"2.16.840.1.113884.3.9944.1.16.35",NgHivCD4AndVLClassificationForTreatmentFailureCS,HIV Viral Load/CD4 Count Classifications CodeSystem,"Codes used for indicating the classification for the Viral Load/CD4 count treatment failure.","ValueSet/ng-hiv-cd4-vl-classification-for-treatment-failure-vs"
https://fhir-ig.digitalhealth.gov.ng/CodeSystem/ng-hiv-cervical-cancer-screening-hpv-result-cs,0.0.0,active,"2.16.840.1.113884.3.9944.1.16.36",NgHivCervicalCancerScreeningHPVResultsCS,HIV-Cervical Cancer Screening Results CodeSystem,"A list of codes describing the Cervical Cancer Screening Results","ValueSet/ng-hiv-cervical-cancer-screening-result-vs"
https://fhir-ig.digitalhealth.gov.ng/CodeSystem/ng-hiv-cervical-cancer-screening-method-cs,0.0.0,active,"2.16.840.1.113884.3.9944.1.16.37",NgHivCervicalCancerScreeningMethodCS,HIV-Cervical Cancer Screening Method CodeSystem,"A list of codes describing the Cervical Cancer Screening Method","ValueSet/ng-hiv-cervical-cancer-screening-method-vs"
https://fhir-ig.digitalhealth.gov.ng/CodeSystem/ng-hiv-cervical-cancer-screening-type-cs,0.0.0,active,"2.16.840.1.113884.3.9944.1.16.38",NgHivCervicalCancerScreeningTypeCS,HIV Cervical Cancer Screening Type,"Codes used for representing the cervical screening type.","ValueSet/ng-hiv-cervical-cancer-screening-type-vs"
https://fhir-ig.digitalhealth.gov.ng/CodeSystem/ng-hiv-cervical-cancer-screening-via-result-cs,0.0.0,active,"2.16.840.1.113884.3.9944.1.16.39",NgHivCervicalCancerScreeningVIAResultsCS,HIV-Cervical Cancer Screening Results CodeSyetem,"A list of codes describing the Cervical Cancer Screening Results","ValueSet/ng-hiv-cervical-cancer-screening-result-vs"
https://fhir-ig.digitalhealth.gov.ng/CodeSystem/ng-hiv-diagnosis-cs,0.0.0,active,"2.16.840.1.113884.3.9944.1.16.113",NgHivDiagnosisCS,Nigeria HIV Diagnosis Codes,"Local HIV programme diagnosis concepts used where a specific opportunistic-infection diagnosis is required.","ValueSet/ng-hiv-diagnosis-concepts-vs,ConceptMap/NgHivDiagnosisToICD11"
https://fhir-ig.digitalhealth.gov.ng/CodeSystem/ng-hiv-dsd-assessment-status-cs,0.0.0,active,"2.16.840.1.113884.3.9944.1.16.41",NgHivDSDAssessmentStatusCS,Differentiated Service Delivery - Assessment Status,"Code used for indicating the status of the DSD assessment.","ValueSet/ng-hiv-dsd-assessment-status-vs"
https://fhir-ig.digitalhealth.gov.ng/CodeSystem/ng-hiv-dsd-category-cs,0.0.0,active,"2.16.840.1.113884.3.9944.1.16.42",NgHivDSDCategoryCS,HIV DSD - Category CodeSystem,"Code used for indicating the category for the DSD assessment.","ValueSet/ng-hiv-dsd-category-vs"
https://fhir-ig.digitalhealth.gov.ng/CodeSystem/ng-hiv-dsd-reason-for-category-change-cs,0.0.0,active,"2.16.840.1.113884.3.9944.1.16.43",NgHivDSDReasonForCategoryChangeCS,HIV DSD - Reason For Category Change CodeSystem,"Code used for indicating the reason for the category change for the DSD assessment.","ConceptMap/NgHivLocalToWHOHiv,ConceptMap/NgHivLocalToLOINC,ValueSet/ng-hiv-local-concepts,ValueSet/ng-hiv-dsd-reason-for-category-change-vs"
https://fhir-ig.digitalhealth.gov.ng/CodeSystem/ng-hiv-eac-form-cs,0.0.0,active,"2.16.840.1.113884.3.9944.1.16.44",NgHivEacFormCS,NG HIV Enhanced Adherence Counselling Form Codes,"Local coded answers transcribed from the Nigeria Enhanced Adherence Counselling Form for adherence assessment, adherence barriers, service interventions and intervention tools.","ValueSet/ng-hiv-eac-intervention-tools-vs,ValueSet/ng-hiv-eac-adherence-vs,ValueSet/ng-hiv-eac-intervention-services-vs,ValueSet/ng-hiv-eac-barriers-vs"
https://fhir-ig.digitalhealth.gov.ng/CodeSystem/ng-hiv-eac-given-cs,0.0.0,active,"2.16.840.1.113884.3.9944.1.16.45",NgHivEACGivenCS,HIV EAC Given CodeSystem,"Codes used for representing the Enhanced Adherence Councilling (EAC) given.","ValueSet/ng-hiv-eac-given-vs"
https://fhir-ig.digitalhealth.gov.ng/CodeSystem/ng-hiv-eac-register-virologic-failure-cause-cs,0.0.0,draft,"2.16.840.1.113884.3.9944.1.16.46",NgHivEacRegisterVirologicFailureCauseCS,NG HIV EAC Register Suspected Causes of Virologic Failure,"Codes printed in the Enhanced Adherence Counselling Monitoring Register for recording the suspected cause or causes of virologic failure after EAC.","ValueSet/ng-hiv-eac-register-virologic-failure-cause-vs"
https://fhir-ig.digitalhealth.gov.ng/CodeSystem/ng-hiv-encounter-visit-type-cs,0.0.0,active,"2.16.840.1.113884.3.9944.1.16.49",NgHivEncounterVisitTypeCS,HIV-Nature of Encounter CodeSystem,"A list of codes describing the nature of the patient visit to the health facility","ValueSet/ng-hiv-encounter-visit-type-vs"
https://fhir-ig.digitalhealth.gov.ng/CodeSystem/ng-hiv-enhanced-adherence-counselling-status-cs,0.0.0,active,"2.16.840.1.113884.3.9944.1.16.50",NgHivEnhancedAdherenceCounsellingCS,Enhanced Adherence Counselling,"Code used for indicating a proprietary enhanced adherence counselling","ConceptMap/NgHivLocalToWHOHiv,ConceptMap/NgHivLocalToSNOMEDCT,ValueSet/ng-hiv-local-concepts"
https://fhir-ig.digitalhealth.gov.ng/CodeSystem/ng-hiv-final-outcome-cs,0.0.0,active,"2.16.840.1.113884.3.9944.1.16.52",NgHivFinalOutcomeCS,HIV - Final Outcome CodeSystem,"Final Outcome","ConceptMap/NgHivLocalToWHOHiv,ConceptMap/NgHivLocalToLOINC,ValueSet/ng-hiv-final-outcome-value-set,ValueSet/ng-hiv-local-concepts"
https://fhir-ig.digitalhealth.gov.ng/CodeSystem/ng-hiv-index-case-partner-questionnaire-cs,0.0.0,active,"2.16.840.1.113884.3.9944.1.16.53",NgHivIndexCasePartnerQuestionnaireCS,HIV Index Case Sex Partner Questionnaire,"Proprietary Codes used in the Index Case Partner Questionnaire.","ValueSet/ng-hiv-reason-partner-not-contacted-vs,ValueSet/ng-hiv-partner-case-closure-status-vs"
https://fhir-ig.digitalhealth.gov.ng/CodeSystem/ng-hiv-int-lab-form-cs,0.0.0,active,"2.16.840.1.113884.3.9944.1.16.54",NgHivIntLabFormCS,NG HIV Integrated Laboratory Form Codes,"Local coded answer concepts transcribed or inferred from the Nigeria HIV Integrated Laboratory Order and Result Form revised November 2025.","ValueSet/ng-hiv-int-lab-other-test-vs,ValueSet/ng-hiv-int-lab-register-test-vs,ValueSet/ng-hiv-int-lab-positive-negative-result-vs,ValueSet/ng-hiv-int-lab-arv-prophylaxis-vs,ValueSet/ng-hiv-int-lab-regimen-line-vs,ValueSet/ng-hiv-int-lab-eid-result-vs,ValueSet/ng-hiv-int-lab-viral-load-indication-vs,ValueSet/ng-hiv-int-lab-reactive-result-vs,ValueSet/ng-hiv-int-lab-eid-age-category-vs,ValueSet/ng-hiv-int-lab-specimen-type-vs,ValueSet/ng-hiv-int-lab-cytology-method-vs,ValueSet/ng-hiv-int-lab-requested-test-type-vs,ValueSet/ng-hiv-int-lab-eid-indication-vs"
https://fhir-ig.digitalhealth.gov.ng/CodeSystem/ng-hiv-int-lab-register-cs,0.0.0,active,"2.16.840.1.113884.3.9944.1.16.55",NgHivIntLabRegisterCS,NG HIV Integrated Laboratory Monitoring Register Codes,"Local codes required to represent the Integrated Laboratory Monitoring Register revised November 2025. The source workbook does not provide a complete EID-entry-point legend or a POC error-code catalogue; those values are therefore represented using existing terminology or free text in the logical model.","ValueSet/ng-hiv-int-lab-register-viral-load-category-vs,ValueSet/ng-hiv-int-lab-register-dsd-status-vs,ValueSet/ng-hiv-int-lab-register-viral-load-disaggregation-vs,ValueSet/ng-hiv-int-lab-register-monitoring-type-vs,ValueSet/ng-hiv-int-lab-register-mode-of-testing-vs"
https://fhir-ig.digitalhealth.gov.ng/CodeSystem/ng-hiv-occupation-cs,0.0.0,active,"2.16.840.1.113884.3.9944.1.16.56",NgHivOccupationCS,HIV Occupation Codes,"Codes used for representing the patient's occupation","ValueSet/ng-hiv-occupation-vs"
https://fhir-ig.digitalhealth.gov.ng/CodeSystem/ng-hiv-partner-notification-plan-cs,0.0.0,active,"2.16.840.1.113884.3.9944.1.16.58",NgHivPartnerNotificationPlanCS,HIV Partner Notification Plan CodeSystem,"Codes used for indicating the plan for notifying the partner regarding the index case's HIV status.","ValueSet/ng-hiv-partner-notification-plan-vs"
https://fhir-ig.digitalhealth.gov.ng/CodeSystem/ng-hiv-period-of-hiv-exposure-cs,0.0.0,active,"2.16.840.1.113884.3.9944.1.16.59",NgHivPeriodOfHIVExposureCS,HIV Period of HIV Exposure,"Codes used for indicating the period when last the individual was exposed to HIV.","ValueSet/ng-hiv-period-of-hiv-exposure-vs"
https://fhir-ig.digitalhealth.gov.ng/CodeSystem/ng-hiv-pharmacy-order-cs,0.0.0,active,"2.16.840.1.113884.3.9944.1.16.60",NgHivPharmacyOrderCS,NG HIV Pharmacy Order Form Codes,"Local coded medicine products transcribed from the Nigeria Combined Pharmacy Order Form revised November 2025. The codes distinguish products by program category, ingredient combination and preprinted strength.","ValueSet/ng-hiv-adult-art-medication-vs,ValueSet/ng-hiv-prep-medication-vs,ValueSet/ng-hiv-paediatric-art-medication-vs,ValueSet/ng-hiv-oi-prophylaxis-treatment-medication-vs,ValueSet/ng-hiv-tb-preventive-therapy-medication-vs"
https://fhir-ig.digitalhealth.gov.ng/CodeSystem/ng-hiv-pharmacy-worksheet-arv-prophylaxis-cs,0.0.0,active,"2.16.840.1.113884.3.9944.1.16.61",NgHivPharmacyWorksheetArvProphylaxisCS,NG HIV Pharmacy Worksheet HEI ARV Prophylaxis Regimens,"ARV prophylaxis codes printed in W17 for HIV-exposed infants.","ValueSet/ng-hiv-pharmacy-worksheet-arv-prophylaxis-vs"
https://fhir-ig.digitalhealth.gov.ng/CodeSystem/ng-hiv-pharmacy-worksheet-dsd-model-cs,0.0.0,active,"2.16.840.1.113884.3.9944.1.16.62",NgHivPharmacyWorksheetDsdModelCS,NG HIV Pharmacy Worksheet DSD Models,"DSD models represented by W9 and W10.","ValueSet/ng-hiv-pharmacy-worksheet-dsd-model-vs"
https://fhir-ig.digitalhealth.gov.ng/CodeSystem/ng-hiv-pharmacy-worksheet-medicine-category-cs,0.0.0,active,"2.16.840.1.113884.3.9944.1.16.63",NgHivPharmacyWorksheetMedicineCategoryCS,NG HIV Pharmacy Worksheet Medicine Categories,"Medicine-section categories printed on the revised Pharmacy Daily Worksheet.","ValueSet/ng-hiv-pharmacy-worksheet-medicine-category-vs"
https://fhir-ig.digitalhealth.gov.ng/CodeSystem/ng-hiv-pharmacy-worksheet-medicine-cs,0.0.0,active,"2.16.840.1.113884.3.9944.1.16.64",NgHivPharmacyWorksheetMedicineCS,NG HIV Pharmacy Daily Worksheet Medicine Columns,"Local codes for the fixed medicine columns W24–W71 on the revised November 2025 Pharmacy Daily Worksheet. The code is the printed worksheet column identifier, allowing exact reconstruction of the paper worksheet.","ValueSet/ng-hiv-pharmacy-worksheet-medicine-vs"
https://fhir-ig.digitalhealth.gov.ng/CodeSystem/ng-hiv-pharmacy-worksheet-summary-scope-cs,0.0.0,active,"2.16.840.1.113884.3.9944.1.16.65",NgHivPharmacyWorksheetSummaryScopeCS,NG HIV Pharmacy Worksheet Summary Scopes,"The three summary rows printed at the bottom of the worksheet.","ValueSet/ng-hiv-pharmacy-worksheet-summary-scope-vs"
https://fhir-ig.digitalhealth.gov.ng/CodeSystem/ng-hiv-positive-tracking-cs,0.0.0,active,"2.16.840.1.113884.3.9944.1.16.66",NgHivPositiveTrackingCS,HIV Positive Tracking,"Codes used for representing HIV positive tracking.","ConceptMap/NgHivLocalToWHOHiv,ValueSet/ng-hiv-tracking-vs,ConceptMap/NgHivLocalToLOINC,ConceptMap/NgHivLocalToSNOMEDCT,ValueSet/ng-hiv-local-concepts"
https://fhir-ig.digitalhealth.gov.ng/CodeSystem/ng-hiv-precancerous-lesion-treatment-received-cs,0.0.0,active,"2.16.840.1.113884.3.9944.1.16.67",NgHivPrecancerousLesionTreatmentReceivedCS,HIV-Precancerous Lesion Treatment Received CodeSystem,"A list of codes describing the precancerous lesion treatment received","ValueSet/ng-hiv-cervical-cancer-treatment-received-vs"
https://fhir-ig.digitalhealth.gov.ng/CodeSystem/ng-hiv-reason-for-art-eligibility-cs,0.0.0,active,"2.16.840.1.113884.3.9944.1.16.68",NgHivReasonForARTEligibilityCS,HIV Reasons For ART Eligibility,"Reasons For ART Eligibility","ValueSet/ng-hiv-reason-for-art-eligibility-vs"
https://fhir-ig.digitalhealth.gov.ng/CodeSystem/ng-hiv-reason-not-started-art-cs,0.0.0,active,"2.16.840.1.113884.3.9944.1.16.69",NgHivReasonNotStartedARTCS,HIV - Reason Not Started ART CodeSystem,"Reason Not Started ART","ConceptMap/NgHivLocalToWHOHiv,ConceptMap/NgHivLocalToLOINC,ValueSet/ng-hiv-local-concepts,ValueSet/ng-hiv-reason-not-started-art-vs"
https://fhir-ig.digitalhealth.gov.ng/CodeSystem/ng-hiv-routine-indication-viral-load-cs,0.0.0,active,"2.16.840.1.113884.3.9944.1.16.70",NgHivRoutineIndicationViralLoadCS,HIV Routine Indication Viral Load,"Codes used for representing routine indication for viral load.","ValueSet/ng-hiv-vl-indication-vs"
https://fhir-ig.digitalhealth.gov.ng/CodeSystem/ng-hiv-service-provider-cs,0.0.0,active,"2.16.840.1.113884.3.9944.1.16.71",NgHivServiceProviderTypeCS,HIV Service Providers CodeSystem,"Code used for representing the classification of organizations providing health services.","ConceptMap/NgHivLocalToLOINC,ConceptMap/NgHivLocalToSNOMEDCT,ValueSet/ng-hiv-local-concepts"
https://fhir-ig.digitalhealth.gov.ng/CodeSystem/ng-hiv-status-cs,0.0.0,active,"2.16.840.1.113884.3.9944.1.16.72",NgHivStatusCS,NG Client HIV status CS,"This CodeSystem IMMZ.C.DE31 defines list of options for HIV status of a Client","ValueSet/ng-hiv-status-vs"
https://fhir-ig.digitalhealth.gov.ng/CodeSystem/ng-hiv-suspicious-cancerous-treatment-cs,0.0.0,active,"2.16.840.1.113884.3.9944.1.16.73",NgHivSuspiciousCancerousTreatmentCS,HIV-Suspicious Cancerous Treatment CodeSystem,"A list of codes describing the suspicious Cancerous treatment","ValueSet/ng-hiv-cervical-cancer-treatment-received-vs"
https://fhir-ig.digitalhealth.gov.ng/CodeSystem/ng-hiv-target-population-category-cs,0.0.0,active,"2.16.840.1.113884.3.9944.1.16.74",NgHivTargetPopulationCategoryCS,Target Population Category Codes,"Codes used for representing the patient's target population category","ConceptMap/NgHivLocalToWHOHiv,ConceptMap/NgHivLocalToSNOMEDCT,ValueSet/ng-target-population-category-vs,ValueSet/ng-hiv-local-concepts"
https://fhir-ig.digitalhealth.gov.ng/CodeSystem/ng-hiv-targeted-indication-viral-load-cs,0.0.0,active,"2.16.840.1.113884.3.9944.1.16.75",NgHivTargetedIndicationViralLoadCS,HIV Targeted Indication Viral Load,"Codes used for representing targeted indication for viral load.","ValueSet/ng-hiv-vl-indication-vs"
https://fhir-ig.digitalhealth.gov.ng/CodeSystem/ng-hiv-tracking-attempt-stage-cs,0.0.0,active,"2.16.840.1.113884.3.9944.1.16.76",NgHivTrackingAttemptStageCS,NG HIV Tracking Register Attempt Stages,"The four numbered tracking attempts and the final attempt at the end of the tracking period represented by columns T19–T23.","ValueSet/ng-hiv-tracking-attempt-stage-vs"
https://fhir-ig.digitalhealth.gov.ng/CodeSystem/ng-hiv-tracking-default-reason-cs,0.0.0,active,"2.16.840.1.113884.3.9944.1.16.77",NgHivTrackingDefaultReasonCS,NG HIV Tracking Register Reasons for Defaulting,"Reasons recorded when successful contact establishes why the client missed the appointment.","ValueSet/ng-hiv-tracking-default-reason-vs"
https://fhir-ig.digitalhealth.gov.ng/CodeSystem/ng-hiv-tracking-discontinuation-reason-cs,0.0.0,active,"2.16.840.1.113884.3.9944.1.16.78",NgHivTrackingDiscontinuationReasonCS,NG HIV Tracking Register Reasons for Discontinuation,"Reasons for discontinuing care at the facility printed for T26.","ValueSet/ng-hiv-tracking-discontinuation-reason-vs"
https://fhir-ig.digitalhealth.gov.ng/CodeSystem/ng-hiv-tracking-dsd-model-cs,0.0.0,active,"2.16.840.1.113884.3.9944.1.16.79",NgHivTrackingDsdModelCS,NG HIV Tracking Register DSD Model Codes,"High-level DSD model codes printed in T15.","ValueSet/ng-hiv-tracking-dsd-model-vs"
https://fhir-ig.digitalhealth.gov.ng/CodeSystem/ng-hiv-tracking-dsd-status-cs,0.0.0,active,"2.16.840.1.113884.3.9944.1.16.80",NgHivTrackingDsdStatusCS,NG HIV Tracking Register DSD Status Codes,"High-level differentiated-service-delivery status codes printed in T15. The source register spells devolved as 'Devloved'; this artefact uses the intended spelling while preserving code D.","ValueSet/ng-hiv-tracking-dsd-status-vs"
https://fhir-ig.digitalhealth.gov.ng/CodeSystem/ng-hiv-tracking-mode-cs,0.0.0,active,"2.16.840.1.113884.3.9944.1.16.81",NgHivTrackingModeCS,NG HIV Tracking Register Tracking Modes,"Tracking modes printed for T19–T23.","ValueSet/ng-hiv-tracking-mode-vs"
https://fhir-ig.digitalhealth.gov.ng/CodeSystem/ng-hiv-tracking-person-contacted-cs,0.0.0,active,"2.16.840.1.113884.3.9944.1.16.82",NgHivTrackingPersonContactedCS,NG HIV Tracking Register Person Contacted Codes,"Person-contacted codes printed for T19–T23.","ValueSet/ng-hiv-tracking-person-contacted-vs"
https://fhir-ig.digitalhealth.gov.ng/CodeSystem/ng-hiv-tracking-reason-cs,0.0.0,active,"2.16.840.1.113884.3.9944.1.16.83",NgHivTrackingReasonCS,NG HIV Tracking Register Reasons for Tracking,"Reason-for-tracking codes printed for T16.","ValueSet/ng-hiv-tracking-reason-vs"
https://fhir-ig.digitalhealth.gov.ng/CodeSystem/ng-hiv-transfer-reason-cs,0.0.0,draft,"2.16.840.1.113884.3.9944.1.16.84",NgHivTransferReasonCS,NG HIV Care and Treatment Transfer Reasons,"Reasons for transferring a client between HIV treatment sites, transcribed from the November 2025 HIV Care and Treatment Transfer Form.","ValueSet/ng-hiv-transfer-reason-vs"
https://fhir-ig.digitalhealth.gov.ng/CodeSystem/ng-hiv-who-stage-cs,0.0.0,active,"2.16.840.1.113884.3.9944.1.16.85",NgHivWHOStageCS,WHO Stage Codes,"Code used for representing the patient's WHO stage.","ValueSet/ng-hiv-who-stage-vs"
https://fhir-ig.digitalhealth.gov.ng/CodeSystem/ng-immunization-contraindication-cs,0.0.0,active,"2.16.840.1.113884.3.9944.1.16.86",NgImmunizationContraindicationCS,NG Vaccine contraindications CS,"A set of standardized codes used to represent clinical conditions, diagnoses, or circumstances that serve as contraindications to the administration of one or more vaccines.","ValueSet/ng-vaccine-contraindication-vs"
https://fhir-ig.digitalhealth.gov.ng/CodeSystem/ng-immunization-session-type-cs,0.0.0,active,"2.16.840.1.113884.3.9944.1.16.87",NgImmunizationSessionTypeCS,NG Immunization Session types CS,"Type of session for immunization Could be in a fixed facility, outreach or mobile.","ValueSet/ng-immunization-session-type-vs"
https://fhir-ig.digitalhealth.gov.ng/CodeSystem/ng-lgas-cs,0.0.0,active,"2.16.840.1.113884.3.9944.1.16.88",NgLgasCS,NG LGAs in Nigeria CS,"This CodeSystem defines LGA codes and names mapped to their respective States in Nigeria.","ValueSet/ng-lgas-vs"
https://fhir-ig.digitalhealth.gov.ng/CodeSystem/ng-nutritional-screening-result-cs,0.0.0,active,"2.16.840.1.113884.3.9944.1.16.90",NgNutritionalScreeningResultCS,Nutritional Screening Result Codes,"Codes used for representing the patient's nutritional screening result.","ValueSet/ng-nutritional-screening-result-vs"
https://fhir-ig.digitalhealth.gov.ng/CodeSystem/ng-nutritional-suppliments-provided-cs,0.0.0,active,"2.16.840.1.113884.3.9944.1.16.91",NgNutritionalSupplimentsProvidedCS,Nutritional Suppliments Provided Codes,"Code used for representing the patient's nutritional suppliments provided.","ValueSet/ng-nutritional-suppliments-provided-vs"
https://fhir-ig.digitalhealth.gov.ng/CodeSystem/ng-organization-owner-cs,0.0.0,active,"2.16.840.1.113884.3.9944.1.16.93",NgOrganizationOwnerCS,NG Location Owner CS,"This CodeSystem defines Immunization Location Owner.","ValueSet/ng-organization-owner-vs"
https://fhir-ig.digitalhealth.gov.ng/CodeSystem/ng-patient-education-level-cs,0.0.0,active,"2.16.840.1.113884.3.9944.1.16.94",NgPatientEducationLevelCS,HIV Patient Education Level Codes,"Codes used for indicating the patient's highest qualification.","ConceptMap/NgHivLocalToLOINC,ValueSet/ng-hiv-local-concepts"
https://fhir-ig.digitalhealth.gov.ng/CodeSystem/ng-patient-identifier-type-cs,0.0.0,active,"2.16.840.1.113884.3.9944.1.16.95",NgPatientIdentifierTypeCS,NG Patient Identifier Type CS,"This CodeSystem defines list of options for uniquely Identifting a Client","ValueSet/ng-client-identifier-vs"
https://fhir-ig.digitalhealth.gov.ng/CodeSystem/ng-pregnancy-status-cs,0.0.0,active,"2.16.840.1.113884.3.9944.1.16.97",NgPregnancyStatusCS,NG Client Pregnancy Status CS,"This CodeSystem defines list of options for Pregnancy status of a Client","ValueSet/ng-pregnancy-status-vs"
https://fhir-ig.digitalhealth.gov.ng/CodeSystem/ng-provenance-activity-cs,0.0.0,active,"2.16.840.1.113884.3.9944.1.16.98",NgProvenanceActivityCS,NG Provenance Activity Codes,"Local CodeSystem defining provenance activity codes for data lifecycle operations such as anonymization, de-identification, labeling, creation, and deletion.","ValueSet/ng-provenance-activity-vs"
https://fhir-ig.digitalhealth.gov.ng/CodeSystem/ng-relationship-cs,0.0.0,active,"2.16.840.1.113884.3.9944.1.16.99",NgRelationshipsCS,NG Relationships CS,"This CodeSystem defines list of persons related to a patient, but who is not a direct target of care","ValueSet/ng-relationships-vs"
https://fhir-ig.digitalhealth.gov.ng/CodeSystem/ng-sibling-health-status-cs,0.0.0,active,"2.16.840.1.113884.3.9944.1.16.100",NgSiblingHealthStatusCS,NG Health Status CS,"This CodeSystem IMMZ.C.DE30 defines the health of the client's sibling","ValueSet/ng-sibling-health-status-vs"
https://fhir-ig.digitalhealth.gov.ng/CodeSystem/ng-states-cs,0.0.0,active,"2.16.840.1.113884.3.9944.1.16.101",NgStatesCS,NG States in Nigeria CS,"This CodeSystem defines ward codes and names mapped to their respective States in Nigeria.","ValueSet/ng-states-vs"
https://fhir-ig.digitalhealth.gov.ng/CodeSystem/ng-tb-screening-diagnostic-test-type-cs,0.0.0,active,"2.16.840.1.113884.3.9944.1.16.102",NgTBScreeningDiagnosticTestTypeCS,TB Screening Diagnostic Test Type Codes CodeSystem,"A list of codes describing the types of diagnostic tests that can be peformed on the specimen taken during TB screening.","ValueSet/ng-tb-screening-diagnostic-test-type-vs"
https://fhir-ig.digitalhealth.gov.ng/CodeSystem/ng-tb-tpt-prophylaxis-type-cs,0.0.0,active,"2.16.840.1.113884.3.9944.1.16.105",NgTbTPTProphylaxisTypeCS,TB TPT Prophylaxis Type Codes,"A list of codes describing the TPT prophylaxis type.","ConceptMap/NgHivLocalToWHOHiv,ConceptMap/NgHivLocalToLOINC,ValueSet/ng-tb-tpt-prophylaxis-type-vs,ValueSet/ng-hiv-local-concepts"
https://fhir-ig.digitalhealth.gov.ng/CodeSystem/ng-tb-treatment-status-cs,0.0.0,active,"2.16.840.1.113884.3.9944.1.16.106",NgTBTreatmentStatusCS,TB Treatment Status Codes CodeSystem,"A list of codes describing the status of TB treatment.","ValueSet/ng-tb-treatment-status-value-set"
https://fhir-ig.digitalhealth.gov.ng/CodeSystem/ng-vaccine-icd-cs,0.0.0,active,"2.16.840.1.113884.3.9944.1.16.107",NgVaccineLibraryICD11CS,NG IMMZ.D.DE4 ICD11 Vaccine Library,"ICD11 code Immunization.vaccineCode. Dose/order is not encoded in codes; use protocolApplied.doseNumber[x].","ValueSet/ng-vaccine-icd-vs,ConceptMap/NgVaccineLocal-to-ICD11"
https://fhir-ig.digitalhealth.gov.ng/CodeSystem/ng-vaccine-local,0.0.0,active,"2.16.840.1.113884.3.9944.1.16.109",NgVaccineLocalCS,NG IMMZ.D.DE4 Vaccine Local Codes (Dose-labelled),"Locally defined vaccine codes used for data capture and UI labels. Doses are local; external systems map at antigen/product level.","ValueSet/ng-vaccine-local-vs,ConceptMap/NgVaccineLocal-to-SNOMED,ConceptMap/NgVaccineLocal-to-ICD11"
https://fhir-ig.digitalhealth.gov.ng/CodeSystem/ng-vaccine-local-to-snomed-cs,0.0.0,active,"2.16.840.1.113884.3.9944.1.16.108",NgVaccineLibrarySnomedCS,NG IMMZ.D.DE4 Vaccine Library (SNOMED CT),"SNOMED-CT code Immunization.vaccineCode. Dose/order is not encoded in codes; use protocolApplied.doseNumber[x].","ValueSet/ng-vaccine-snomed-vs,ConceptMap/NgVaccineLocal-to-SNOMED"
https://fhir-ig.digitalhealth.gov.ng/CodeSystem/ng-wards-cs,0.0.0,active,"2.16.840.1.113884.3.9944.1.16.110",NgWardsCS,NG Administrative Wards CS,"This CodeSystem defines ward codes and names mapped to their respective Local Government Areas (LGAs) in Nigeria.","ValueSet/ng-wards-vs"
https://fhir-ig.digitalhealth.gov.ng/CodeSystem/ng-who-hiv-concepts-cs,0.0.0,active,"2.16.840.1.113884.3.9944.1.16.114",NgWhoHivConceptsCS,Nigeria Local WHO HIV Concepts,"Local Nigeria CodeSystem containing the subset of WHO SMART HIV concept codes used by the Nigeria HIV terminology mappings. Code values are preserved exactly from the supplied WHO HIV concept list. Full concepts can be found here: https://smart.who.int/hiv/CodeSystem-HIVConcepts.htmlhttps://smart.who.int/hiv/CodeSystem-HIVConcepts.html","ConceptMap/NgHivLocalToWHOHiv,ValueSet/ng-who-hiv-concepts-vs"
https://fhir-ig.digitalhealth.gov.ng/CodeSystem/ng-yes-no-cs,0.0.0,active,"2.16.840.1.113884.3.9944.1.16.111",NgYesNoCS,Yes/No Codes,"Yes/No Codes Represented as Boolean.","ValueSet/ng-yes-no-vs,ConceptMap/NgHivLocalToLOINC,ValueSet/ng-hiv-local-concepts"
urn:ietf:bcp:47,2.0.1,active,,Ietf3066,Tags for the Identification of Languages,"Older value from OID registry.  Superceded; see recommendations in BCP-47.","ValueSet/languages"
urn:iso:std:iso:3166,1.0.1,active,"1.0.3166.1",ISO3166Part1,ISO 3166-1 Codes for the representation of names of countries and their subdivisions — Part 1: Country code,"ISO 3166-1 establishes codes that represent the current names of countries, dependencies, and other areas of particular geopolitical interest, on the basis of country names obtained from the United Nations.","ValueSet/jurisdiction"
urn:iso:std:iso:3166:-2,1.0.1,active,"1.0.3166.2",ISO3166Part2,ISO 3166-2 Codes for the representation of names of countries and their subdivisions — Part 2: Country subdivision code,"ISO 3166-2 establishes a code that represents the names of the principal administrative divisions, or similar areas, of the countries and entities included in ISO 3166-1.","ValueSet/jurisdiction"
