URL,Version,Status,OIDs,Name,Title,Description,Uses,Used,Sources
http://hl7.org/fhir/ValueSet/address-type,4.0.1,active,"2.16.840.1.113883.4.642.3.69",AddressType,AddressType,"The type of an address (physical / postal).","StructureDefinition/ng-pharmacy-organization,StructureDefinition/ng-patient,StructureDefinition/ng-location,StructureDefinition/ng-provider-organization,StructureDefinition/ng-insurer-organization,StructureDefinition/ng-organization","hl7.fhir.r4.core"
http://hl7.org/fhir/ValueSet/address-use,4.0.1,active,"2.16.840.1.113883.4.642.3.67",AddressUse,AddressUse,"The use of an address.","StructureDefinition/ng-pharmacy-organization,StructureDefinition/ng-patient,StructureDefinition/ng-location,StructureDefinition/ng-provider-organization,StructureDefinition/ng-insurer-organization,StructureDefinition/ng-organization","hl7.fhir.r4.core"
http://hl7.org/fhir/ValueSet/adjudication,4.0.1,draft,"2.16.840.1.113883.4.642.3.596",AdjudicationValueCodes,Adjudication Value Codes,"This value set includes a smattering of Adjudication Value codes which includes codes to indicate the amounts eligible under the plan, the amount of benefit, copays etc.","StructureDefinition/ng-claim-response,StructureDefinition/ng-explanation-of-benefit","THO"
http://hl7.org/fhir/ValueSet/adjudication-error,4.0.1,draft,"2.16.840.1.113883.4.642.3.39",Adjudication Error Codes,AdjudicationError,"This value set includes a smattering of adjudication codes.","StructureDefinition/ng-claim-response,StructureDefinition/ng-coverage-eligibility-response","THO"
http://hl7.org/fhir/ValueSet/adjudication-reason,4.0.1,draft,"2.16.840.1.113883.4.642.3.598",AdjudicationReasonCodes,Adjudication Reason Codes,"This value set includes smattering of Adjudication Reason codes.","StructureDefinition/ng-claim-response,StructureDefinition/ng-explanation-of-benefit","THO"
http://hl7.org/fhir/ValueSet/administrative-gender,4.0.1,active,"2.16.840.1.113883.4.642.3.1",AdministrativeGender,AdministrativeGender,"The gender of a person used for administrative purposes.","StructureDefinition/ng-patient,StructureDefinition/ng-practitioner","hl7.fhir.r4.core"
http://hl7.org/fhir/ValueSet/allergy-intolerance-category,4.0.1,draft,"2.16.840.1.113883.4.642.3.133",AllergyIntoleranceCategory,AllergyIntoleranceCategory,"Category of an identified substance associated with allergies or intolerances.","StructureDefinition/ng-allergy-intolerance","hl7.fhir.r4.core"
http://hl7.org/fhir/ValueSet/allergy-intolerance-criticality,4.0.1,draft,"2.16.840.1.113883.4.642.3.129",AllergyIntoleranceCriticality,AllergyIntoleranceCriticality,"Estimate of the potential clinical harm, or seriousness, of a reaction to an identified substance.","StructureDefinition/ng-allergy-intolerance","hl7.fhir.r4.core"
http://hl7.org/fhir/ValueSet/allergy-intolerance-type,4.0.1,draft,"2.16.840.1.113883.4.642.3.131",AllergyIntoleranceType,AllergyIntoleranceType,"Identification of the underlying physiological mechanism for a Reaction Risk.","StructureDefinition/ng-allergy-intolerance","hl7.fhir.r4.core"
http://hl7.org/fhir/ValueSet/allergyintolerance-clinical,4.0.1,draft,"2.16.840.1.113883.4.642.3.1372",AllergyIntoleranceClinicalStatusCodes,AllergyIntolerance Clinical Status Codes,"Preferred value set for AllergyIntolerance Clinical Status.","StructureDefinition/ng-allergy-intolerance","THO"
http://hl7.org/fhir/ValueSet/allergyintolerance-code,4.0.1,draft,"2.16.840.1.113883.4.642.3.137",AllergyIntoleranceSubstance/Product,ConditionAndNegationCodes,AllergyIntolerance Substance/Product, Condition and Negation Codes,"This value set includes concept codes for specific substances/pharmaceutical products, allergy or intolerance conditions, and negation/exclusion codes to specify the absence of specific types of allergies or intolerances.","StructureDefinition/ng-allergy-intolerance","SCT"
http://hl7.org/fhir/ValueSet/allergyintolerance-verification,4.0.1,draft,"2.16.840.1.113883.4.642.3.1370",AllergyIntoleranceVerificationStatusCodes,AllergyIntolerance Verification Status Codes,"Preferred value set for AllergyIntolerance Verification Status.","StructureDefinition/ng-allergy-intolerance","THO"
http://hl7.org/fhir/ValueSet/appointment-cancellation-reason,4.0.1,draft,"2.16.840.1.113883.4.642.3.1381",AppointmentCancellationReason,Appointment cancellation reason,"This example value set defines a set of reasons for the cancellation of an appointment.","StructureDefinition/ng-appointment","THO"
http://hl7.org/fhir/ValueSet/appointmentstatus,4.0.1,draft,"2.16.840.1.113883.4.642.3.484",AppointmentStatus,AppointmentStatus,"The free/busy status of an appointment.","StructureDefinition/ng-appointment","hl7.fhir.r4.core"
http://hl7.org/fhir/ValueSet/benefit-network,4.0.1,draft,"2.16.840.1.113883.4.642.3.608",NetworkTypeCodes,Network Type Codes,"This value set includes a smattering of Network type codes.","StructureDefinition/ng-coverage-eligibility-response,StructureDefinition/ng-explanation-of-benefit","THO"
http://hl7.org/fhir/ValueSet/benefit-term,4.0.1,draft,"2.16.840.1.113883.4.642.3.612",BenefitTermCodes,Benefit Term Codes,"This value set includes a smattering of Benefit Term codes.","StructureDefinition/ng-coverage-eligibility-response,StructureDefinition/ng-explanation-of-benefit","THO"
http://hl7.org/fhir/ValueSet/benefit-type,4.0.1,draft,"2.16.840.1.113883.4.642.3.606",BenefitTypeCodes,Benefit Type Codes,"This value set includes a smattering of Benefit type codes.","StructureDefinition/ng-coverage-eligibility-response,StructureDefinition/ng-explanation-of-benefit","THO"
http://hl7.org/fhir/ValueSet/benefit-unit,4.0.1,draft,"2.16.840.1.113883.4.642.3.610",UnitTypeCodes,Unit Type Codes,"This value set includes a smattering of Unit type codes.","StructureDefinition/ng-coverage-eligibility-response,StructureDefinition/ng-explanation-of-benefit","THO"
http://hl7.org/fhir/ValueSet/body-site,4.0.1,draft,"2.16.840.1.113883.4.642.3.141",SNOMEDCTBodyStructures,SNOMED CT Body Structures,"This value set includes all codes from [SNOMED CT](http://snomed.info/sct) where concept is-a 442083009 (Anatomical or acquired body site (body structure)).","StructureDefinition/ng-observation,StructureDefinition/ng-observation-results-laboratory-pathology,StructureDefinition/ng-procedure,StructureDefinition/ng-observation-tobacco-use,StructureDefinition/ng-observation-results-radiology,StructureDefinition/ng-observation-alcohol-use,StructureDefinition/ng-observation-pregnancy-edd,StructureDefinition/ng-service-request,StructureDefinition/ng-observation-pregnancy-status,StructureDefinition/ng-condition,StructureDefinition/ng-observation-pregnancy-outcome","SCT"
http://hl7.org/fhir/ValueSet/bundle-type,4.0.1,active,"2.16.840.1.113883.4.642.3.620",BundleType,BundleType,"Indicates the purpose of a bundle - how it is intended to be used.","StructureDefinition/ng-mnch-referral-bundle,StructureDefinition/ng-ips-bundle,StructureDefinition/ng-aefi-report-bundle,StructureDefinition/ng-imm-smart-scheduler-bundle","hl7.fhir.r4.core"
http://hl7.org/fhir/ValueSet/c80-facilitycodes,4.0.1,active,"2.16.840.1.113883.3.88.12.80.67",FacilityTypeCodeValueSet,Facility Type Code Value Set,"This is the code representing the type of organizational setting where the clinical encounter, service, interaction, or treatment occurred. The value set used for Healthcare Facility Type has been defined by HITSP to be the value set reproduced from HITSP C80 Table 2-147.","StructureDefinition/ng-documents","SCT"
http://hl7.org/fhir/ValueSet/c80-practice-codes,4.0.1,active,"2.16.840.1.113883.3.88.12.80.72",PracticeSettingCodeValueSet,Practice Setting Code Value Set,"This is the code representing the clinical specialty of the clinician or provider who interacted with, treated, or provided a service to/for the patient. The value set used for clinical specialty has been limited by HITSP to the value set reproduced from HITSP C80 Table 2-149 Clinical Specialty Value Set Definition.","StructureDefinition/ng-practitioner-role,StructureDefinition/ng-healthcare-service,StructureDefinition/ng-appointment,StructureDefinition/ng-documents","SCT"
http://hl7.org/fhir/ValueSet/care-plan-activity-kind,4.0.1,draft,"2.16.840.1.113883.4.642.3.145",CarePlanActivityKind,Care Plan Activity Kind,"Resource types defined as part of FHIR that can be represented as in-line definitions of a care plan activity.","StructureDefinition/ng-care-plan","hl7.fhir.r4.core"
http://hl7.org/fhir/ValueSet/care-plan-activity-outcome,4.0.1,draft,"2.16.840.1.113883.4.642.3.149",CarePlanActivityOutcome,Care Plan Activity Outcome,"Example codes indicating the outcome of a care plan activity. Note that these are in no way complete and might not even be appropriate for some uses.","StructureDefinition/ng-care-plan","SCT"
http://hl7.org/fhir/ValueSet/care-plan-activity-status,4.0.1,draft,"2.16.840.1.113883.4.642.3.146",CarePlanActivityStatus,CarePlanActivityStatus,"Codes that reflect the current state of a care plan activity within its overall life cycle.","StructureDefinition/ng-care-plan","hl7.fhir.r4.core"
http://hl7.org/fhir/ValueSet/care-plan-intent,4.0.1,draft,"2.16.840.1.113883.4.642.3.150",CarePlanIntent,Care Plan Intent,"Codes indicating the degree of authority/intentionality associated with a care plan.","StructureDefinition/ng-care-plan","hl7.fhir.r4.core"
http://hl7.org/fhir/ValueSet/claim-careteamrole,4.0.1,draft,"2.16.840.1.113883.4.642.3.586",ClaimCareTeamRoleCodes,Claim Care Team Role Codes,"This value set includes sample Claim Care Team Role codes.","StructureDefinition/ng-claim,StructureDefinition/ng-explanation-of-benefit","THO"
http://hl7.org/fhir/ValueSet/claim-exception,4.0.1,draft,"2.16.840.1.113883.4.642.3.580",ExceptionCodes,Exception Codes,"This value set includes sample Exception codes.","StructureDefinition/ng-claim,StructureDefinition/ng-explanation-of-benefit","THO"
http://hl7.org/fhir/ValueSet/claim-informationcategory,4.0.1,draft,"2.16.840.1.113883.4.642.3.582",ClaimInformationCategoryCodes,Claim Information Category Codes,"This value set includes sample Information Category codes.","StructureDefinition/ng-claim,StructureDefinition/ng-explanation-of-benefit","THO"
http://hl7.org/fhir/ValueSet/claim-modifiers,4.0.1,draft,"2.16.840.1.113883.4.642.3.536",ModifierTypeCodes,Modifier type Codes,"This value set includes sample Modifier type codes.","StructureDefinition/ng-claim-response,StructureDefinition/ng-coverage-eligibility-request,StructureDefinition/ng-claim,StructureDefinition/ng-coverage-eligibility-response,StructureDefinition/ng-explanation-of-benefit","THO"
http://hl7.org/fhir/ValueSet/claim-subtype,4.0.1,draft,"2.16.840.1.113883.4.642.3.566",ExampleClaimSubTypeCodes,Example Claim SubType Codes,"This value set includes sample Claim SubType codes which are used to distinguish the claim types for example within type institutional there may be subtypes for emergency services, bed stay and transportation.","StructureDefinition/ng-claim-response,StructureDefinition/ng-claim,StructureDefinition/ng-explanation-of-benefit","THO"
http://hl7.org/fhir/ValueSet/claim-type,4.0.1,draft,"2.16.840.1.113883.4.642.3.558",ClaimTypeCodes,Claim Type Codes,"This value set includes Claim Type codes.","StructureDefinition/ng-claim-response,StructureDefinition/ng-claim,StructureDefinition/ng-explanation-of-benefit","THO"
http://hl7.org/fhir/ValueSet/claim-use,4.0.1,draft,"2.16.840.1.113883.4.642.3.544",Use,Use,"The purpose of the Claim: predetermination, preauthorization, claim.","StructureDefinition/ng-claim-response,StructureDefinition/ng-claim,StructureDefinition/ng-explanation-of-benefit","hl7.fhir.r4.core"
http://hl7.org/fhir/ValueSet/clinical-findings,4.0.1,draft,"2.16.840.1.113883.4.642.3.232",SNOMEDCTClinicalFindings,SNOMED CT Clinical Findings,"This value set includes all the ""Clinical finding"" [SNOMED CT](http://snomed.info/sct) codes - concepts where concept is-a 404684003 (Clinical finding (finding)).","StructureDefinition/ng-communication,StructureDefinition/ng-goal,StructureDefinition/ng-diagnostic-report,StructureDefinition/ng-care-plan,StructureDefinition/ng-allergy-intolerance","SCT"
http://hl7.org/fhir/ValueSet/common-tags,4.0.1,draft,"2.16.840.1.113883.4.642.3.79",CommonTags,Common Tags,"Common Tag Codes defined by FHIR project","StructureDefinition/ng-ips-composition,StructureDefinition/ng-patient","THO"
http://hl7.org/fhir/ValueSet/communication-category,4.0.1,draft,"2.16.840.1.113883.4.642.3.172",CommunicationCategory,CommunicationCategory,"Codes for general categories of communications such as alerts, instructions, etc.","StructureDefinition/ng-communication","THO"
http://hl7.org/fhir/ValueSet/communication-not-done-reason,4.0.1,draft,"2.16.840.1.113883.4.642.3.174",CommunicationNotDoneReason,CommunicationNotDoneReason,"Codes for the reason why a communication did not happen.","StructureDefinition/ng-communication","THO"
http://hl7.org/fhir/ValueSet/communication-topic,4.0.1,draft,"2.16.840.1.113883.4.642.3.983",CommunicationTopic,CommunicationTopic,"Codes describing the purpose or content of the communication.","StructureDefinition/ng-communication","THO"
http://hl7.org/fhir/ValueSet/composite-measure-scoring,4.0.1,draft,"2.16.840.1.113883.4.642.3.773",CompositeMeasureScoring,CompositeMeasureScoring,"The composite scoring method of the measure.","StructureDefinition/ng-measure","THO"
http://hl7.org/fhir/ValueSet/composition-attestation-mode,4.0.1,draft,"2.16.840.1.113883.4.642.3.238",CompositionAttestationMode,CompositionAttestationMode,"The way in which a person authenticated a composition.","StructureDefinition/ng-ips-composition","hl7.fhir.r4.core"
http://hl7.org/fhir/ValueSet/composition-status,4.0.1,draft,"2.16.840.1.113883.4.642.3.241",CompositionStatus,CompositionStatus,"The workflow/clinical status of the composition.","StructureDefinition/ng-ips-composition,StructureDefinition/ng-documents","hl7.fhir.r4.core"
http://hl7.org/fhir/ValueSet/condition-category,4.0.1,draft,"2.16.840.1.113883.4.642.3.162",ConditionCategoryCodes,Condition Category Codes,"Preferred value set for Condition Categories.","StructureDefinition/ng-condition","THO"
http://hl7.org/fhir/ValueSet/condition-clinical,4.0.1,draft,"2.16.840.1.113883.4.642.3.164",ConditionClinicalStatusCodes,Condition Clinical Status Codes,"Preferred value set for Condition Clinical Status.","StructureDefinition/ng-condition","THO"
http://hl7.org/fhir/ValueSet/condition-code,4.0.1,draft,"2.16.840.1.113883.4.642.3.161",Condition/Problem/DiagnosisCodes,Condition/Problem/Diagnosis Codes,"Example value set for Condition/Problem/Diagnosis codes.","StructureDefinition/ng-medication-request,StructureDefinition/ng-procedure,StructureDefinition/ng-medication-statement,StructureDefinition/ng-device-request,StructureDefinition/ng-condition","SCT"
http://hl7.org/fhir/ValueSet/condition-severity,4.0.1,draft,"2.16.840.1.113883.4.642.3.168",Condition/DiagnosisSeverity,Condition/Diagnosis Severity,"Preferred value set for Condition/Diagnosis severity grading.","StructureDefinition/ng-condition","SCT"
http://hl7.org/fhir/ValueSet/condition-stage,4.0.1,draft,"2.16.840.1.113883.4.642.3.170",ConditionStage,Condition Stage,"Example value set for stages of cancer and other conditions.","StructureDefinition/ng-condition","SCT"
http://hl7.org/fhir/ValueSet/condition-stage-type,4.0.1,draft,"2.16.840.1.113883.4.642.3.171",ConditionStageType,Condition Stage Type,"Example value set for the type of stages of cancer and other conditions","StructureDefinition/ng-condition","SCT"
http://hl7.org/fhir/ValueSet/condition-ver-status,4.0.1,draft,"2.16.840.1.113883.4.642.3.166",ConditionVerificationStatus,ConditionVerificationStatus,"The verification status to support or decline the clinical status of the condition or diagnosis.","StructureDefinition/ng-condition","THO"
http://hl7.org/fhir/ValueSet/consent-action,4.0.1,draft,"2.16.840.1.113883.4.642.3.753",ConsentActionCodes,Consent Action Codes,"This value set includes sample Consent Action codes.","StructureDefinition/ng-consent","THO"
http://hl7.org/fhir/ValueSet/consent-category,4.0.1,draft,"2.16.840.1.113883.4.642.3.751",ConsentCategoryCodes,Consent Category Codes,"This value set includes sample Consent Directive Type codes, including several consent directive related LOINC codes; HL7 VALUE SET: ActConsentType(2.16.840.1.113883.1.11.19897); examples of US realm consent directive legal descriptions and references to online and/or downloadable forms such as the SSA-827 Authorization to Disclose Information to the Social Security Administration; and other anticipated consent directives related to participation in a clinical trial, medical procedures, reproductive procedures; health care directive (Living Will); advance directive, do not resuscitate (DNR); Physician Orders for Life-Sustaining Treatment (POLST)","StructureDefinition/ng-consent","LOINC,THO"
http://hl7.org/fhir/ValueSet/consent-content-class,4.0.1,draft,"2.16.840.1.113883.4.642.3.747",ConsentContentClass,Consent Content Class,"This value set includes the FHIR resource types, along with some other important content class codes","StructureDefinition/ng-consent","hl7.fhir.r4.core,Other"
http://hl7.org/fhir/ValueSet/consent-content-code,4.0.1,draft,"2.16.840.1.113883.4.642.3.748",ConsentContentCodes,Consent Content Codes,"This example value set contains all LOINC code","StructureDefinition/ng-consent","LOINC"
http://hl7.org/fhir/ValueSet/consent-data-meaning,4.0.1,draft,"2.16.840.1.113883.4.642.3.759",ConsentDataMeaning,ConsentDataMeaning,"How a resource reference is interpreted when testing consent restrictions.","StructureDefinition/ng-consent","hl7.fhir.r4.core"
http://hl7.org/fhir/ValueSet/consent-policy,4.0.1,draft,"2.16.840.1.113883.4.642.3.1014",ConsentPolicyRuleCodes,Consent PolicyRule Codes,"This value set includes sample Regulatory consent policy types from the US and other regions.","StructureDefinition/ng-consent","THO"
http://hl7.org/fhir/ValueSet/consent-provision-type,4.0.1,draft,"2.16.840.1.113883.4.642.3.757",ConsentProvisionType,ConsentProvisionType,"How a rule statement is applied, such as adding additional consent or removing consent.","StructureDefinition/ng-consent","hl7.fhir.r4.core"
http://hl7.org/fhir/ValueSet/consent-scope,4.0.1,draft,"2.16.840.1.113883.4.642.3.761",ConsentScopeCodes,Consent Scope Codes,"This value set includes the four Consent scope codes.","StructureDefinition/ng-consent","THO"
http://hl7.org/fhir/ValueSet/consent-state-codes,4.0.1,draft,"2.16.840.1.113883.4.642.3.755",ConsentState,ConsentState,"Indicates the state of the consent.","StructureDefinition/ng-consent","hl7.fhir.r4.core"
http://hl7.org/fhir/ValueSet/contact-point-system,4.0.1,active,"2.16.840.1.113883.4.642.3.71",ContactPointSystem,ContactPointSystem,"Telecommunications form for contact point.","StructureDefinition/ng-pharmacy-organization,StructureDefinition/ng-patient,StructureDefinition/ng-provider-organization,StructureDefinition/ng-practitioner,StructureDefinition/ng-insurer-organization,StructureDefinition/ng-organization","hl7.fhir.r4.core"
http://hl7.org/fhir/ValueSet/contact-point-use,4.0.1,active,"2.16.840.1.113883.4.642.3.73",ContactPointUse,ContactPointUse,"Use of contact point.","StructureDefinition/ng-pharmacy-organization,StructureDefinition/ng-patient,StructureDefinition/ng-provider-organization,StructureDefinition/ng-practitioner,StructureDefinition/ng-insurer-organization,StructureDefinition/ng-organization","hl7.fhir.r4.core"
http://hl7.org/fhir/ValueSet/contactentity-type,4.0.1,draft,"2.16.840.1.113883.4.642.3.416",ContactEntityType,Contact entity type,"This example value set defines a set of codes that can be used to indicate the purpose for which you would contact a contact party.","StructureDefinition/ng-pharmacy-organization,StructureDefinition/ng-provider-organization,StructureDefinition/ng-insurer-organization,StructureDefinition/ng-organization","THO"
http://hl7.org/fhir/ValueSet/coverage-class,4.0.1,draft,"2.16.840.1.113883.4.642.3.1009",CoverageClassCodes,Coverage Class Codes,"This value set includes Coverage Class codes.","StructureDefinition/ng-coverage","THO"
http://hl7.org/fhir/ValueSet/coverage-copay-type,4.0.1,draft,"2.16.840.1.113883.4.642.3.527",CoverageCopayTypeCodes,Coverage Copay Type Codes,"This value set includes sample Coverage Copayment Type codes.","StructureDefinition/ng-coverage","THO"
http://hl7.org/fhir/ValueSet/coverage-financial-exception,4.0.1,draft,"2.16.840.1.113883.4.642.3.1328",ExampleCoverageFinancialExceptionCodes,Example Coverage Financial Exception Codes,"This value set includes Example Coverage Financial Exception Codes.","StructureDefinition/ng-coverage","THO"
http://hl7.org/fhir/ValueSet/coverage-type,4.0.1,draft,"2.16.840.1.113883.4.642.3.520",CoverageTypeAndSelf-PayCodes,Coverage Type and Self-Pay Codes,"This value set includes Coverage Type codes.","StructureDefinition/ng-coverage","THO"
http://hl7.org/fhir/ValueSet/coverageeligibilityresponse-ex-auth-support,4.0.1,draft,"2.16.840.1.113883.4.642.3.1393",CoverageEligibilityResponseAuthSupportCodes,CoverageEligibilityResponse Auth Support Codes,"This value set includes CoverageEligibilityResponse Auth Support codes.","StructureDefinition/ng-coverage-eligibility-response","THO"
http://hl7.org/fhir/ValueSet/data-absent-reason,4.0.1,active,"2.16.840.1.113883.4.642.3.5",DataAbsentReason,DataAbsentReason,"Used to specify why the normally expected content of the data element is missing.","StructureDefinition/ng-observation,StructureDefinition/ng-observation-results-laboratory-pathology,StructureDefinition/ng-observation-tobacco-use,StructureDefinition/ng-observation-results-radiology,StructureDefinition/ng-observation-alcohol-use,StructureDefinition/ng-observation-pregnancy-edd,StructureDefinition/ng-observation-pregnancy-status,StructureDefinition/ng-observation-pregnancy-outcome","THO"
http://hl7.org/fhir/ValueSet/days-of-week,4.0.1,active,"2.16.840.1.113883.4.642.3.512",DaysOfWeek,DaysOfWeek,"The days of the week.","StructureDefinition/ng-practitioner-role,StructureDefinition/ng-healthcare-service,StructureDefinition/ng-location","hl7.fhir.r4.core"
http://hl7.org/fhir/ValueSet/definition-topic,4.0.1,draft,"2.16.840.1.113883.4.642.3.794",DefinitionTopic,DefinitionTopic,"High-level categorization of the definition, used for searching, sorting, and filtering.","StructureDefinition/ng-measure","THO"
http://hl7.org/fhir/ValueSet/device-action,4.0.1,draft,"2.16.840.1.113883.4.642.3.425",ProcedureDeviceActionCodes,Procedure Device Action Codes,"Example codes indicating the change that happened to the device during the procedure.  Note that these are in no way complete and might not even be appropriate for some uses.","StructureDefinition/ng-procedure","SCT"
http://hl7.org/fhir/ValueSet/device-kind,4.0.1,draft,"2.16.840.1.113883.4.642.3.208",FHIRDeviceTypes,FHIR Device Types,"Codes used to identify medical devices. Includes concepts from SNOMED CT (http://www.snomed.org/) where concept is-a 49062001 (Device)  and is provided as a suggestive example.","StructureDefinition/ng-procedure,StructureDefinition/ng-device-request","SCT"
http://hl7.org/fhir/ValueSet/device-nametype,4.0.1,draft,"2.16.840.1.113883.4.642.3.1083",DeviceNameType,DeviceNameType,"The type of name the device is referred by.","StructureDefinition/ng-device","hl7.fhir.r4.core"
http://hl7.org/fhir/ValueSet/device-status,4.0.1,draft,"2.16.840.1.113883.4.642.3.209",FHIRDeviceStatus,FHIRDeviceStatus,"The availability status of the device.","StructureDefinition/ng-device","hl7.fhir.r4.core"
http://hl7.org/fhir/ValueSet/device-status-reason,4.0.1,draft,"2.16.840.1.113883.4.642.3.1081",FHIRDeviceStatusReason,FHIRDeviceStatusReason,"The availability status reason of the device.","StructureDefinition/ng-device","THO"
http://hl7.org/fhir/ValueSet/device-type,4.0.1,draft,"2.16.840.1.113883.4.642.3.1376",DeviceType,Device Type,"Codes used to identify medical devices. Includes concepts from SNOMED CT (http://www.snomed.org/) where concept is-a 49062001 (Device)  and is provided as a suggestive example.","StructureDefinition/ng-device","SCT"
http://hl7.org/fhir/ValueSet/diagnosis-role,4.0.1,draft,"2.16.840.1.113883.4.642.3.49",DiagnosisRole,DiagnosisRole,"This value set defines a set of codes that can be used to express the role of a diagnosis on the Encounter or EpisodeOfCare record.","StructureDefinition/ng-encounter","THO"
http://hl7.org/fhir/ValueSet/diagnostic-service-sections,4.0.1,draft,"2.16.840.1.113883.4.642.3.234",DiagnosticServiceSectionCodes,Diagnostic Service Section Codes,"This value set includes all the codes in HL7 V2 table 0074.","StructureDefinition/ng-diagnostic-report","THO (V2)"
http://hl7.org/fhir/ValueSet/doc-section-codes,4.0.1,draft,"2.16.840.1.113883.4.642.3.237",DocumentSectionCodes,Document Section Codes,"Document section codes (LOINC codes used in CCDA sections).","StructureDefinition/ng-ips-composition","LOINC"
http://hl7.org/fhir/ValueSet/doc-typecodes,4.0.1,draft,"2.16.840.1.113883.4.642.3.240",FHIRDocumentTypeCodes,FHIR Document Type Codes,"FHIR Document Codes - all LOINC codes where scale type = 'DOC'.","StructureDefinition/ng-ips-composition","LOINC"
http://hl7.org/fhir/ValueSet/document-classcodes,4.0.1,active,"2.16.840.1.113883.3.88.12.80.46",DocumentClassValueSet,Document Class Value Set,"This is the code specifying the high-level kind of document (e.g. Prescription, Discharge Summary, Report, etc.). Note: Class code for documents comes from LOINC, and is based upon one of the following:The type of service described by the document. It is described at a very high level in Section 7.3 of the LOINC Manual. The type study performed. It was determined by identifying modalities for study reports. The section of the chart where the document is placed. It was determined from the SETs created for Claims Attachment requests.","StructureDefinition/ng-ips-composition,StructureDefinition/ng-documents","LOINC"
http://hl7.org/fhir/ValueSet/document-reference-status,4.0.1,draft,"2.16.840.1.113883.4.642.3.7",DocumentReferenceStatus,DocumentReferenceStatus,"The status of the document reference.","StructureDefinition/ng-documents","hl7.fhir.r4.core"
http://hl7.org/fhir/ValueSet/document-relationship-type,4.0.1,draft,"2.16.840.1.113883.4.642.3.244",DocumentRelationshipType,DocumentRelationshipType,"The type of relationship between documents.","StructureDefinition/ng-ips-composition,StructureDefinition/ng-documents","hl7.fhir.r4.core"
http://hl7.org/fhir/ValueSet/eligibilityrequest-purpose,4.0.1,draft,"2.16.840.1.113883.4.642.3.1182",EligibilityRequestPurpose,EligibilityRequestPurpose,"A code specifying the types of information being requested.","StructureDefinition/ng-coverage-eligibility-request","hl7.fhir.r4.core"
http://hl7.org/fhir/ValueSet/eligibilityresponse-purpose,4.0.1,draft,"2.16.840.1.113883.4.642.3.1184",EligibilityResponsePurpose,EligibilityResponsePurpose,"A code specifying the types of information being requested.","StructureDefinition/ng-coverage-eligibility-response","hl7.fhir.r4.core"
http://hl7.org/fhir/ValueSet/encounter-admit-source,4.0.1,draft,"2.16.840.1.113883.4.642.3.257",AdmitSource,Admit source,"This value set defines a set of codes that can be used to indicate from where the patient came in.","StructureDefinition/ng-encounter","THO"
http://hl7.org/fhir/ValueSet/encounter-diet,4.0.1,draft,"2.16.840.1.113883.4.642.3.255",Diet,Diet,"This value set defines a set of codes that can be used to indicate dietary preferences or restrictions a patient may have.","StructureDefinition/ng-encounter","THO"
http://hl7.org/fhir/ValueSet/encounter-discharge-disposition,4.0.1,draft,"2.16.840.1.113883.4.642.3.259",DischargeDisposition,Discharge disposition,"This value set defines a set of codes that can be used to where the patient left the hospital.","StructureDefinition/ng-encounter","THO"
http://hl7.org/fhir/ValueSet/encounter-location-status,4.0.1,draft,"2.16.840.1.113883.4.642.3.262",EncounterLocationStatus,EncounterLocationStatus,"The status of the location.","StructureDefinition/ng-encounter","hl7.fhir.r4.core"
http://hl7.org/fhir/ValueSet/encounter-participant-type,4.0.1,draft,"2.16.840.1.113883.4.642.3.250",ParticipantType,Participant type,"This value set defines a set of codes that can be used to indicate how an individual participates in an encounter.","StructureDefinition/ng-encounter,StructureDefinition/ng-appointment","THO (V3),THO"
http://hl7.org/fhir/ValueSet/encounter-reason,4.0.1,draft,"2.16.840.1.113883.4.642.3.261",EncounterReasonCodes,Encounter Reason Codes,"This examples value set defines the set of codes that can be used to indicate reasons for an encounter.","StructureDefinition/ng-encounter,StructureDefinition/ng-appointment","SCT"
http://hl7.org/fhir/ValueSet/encounter-special-arrangements,4.0.1,draft,"2.16.840.1.113883.4.642.3.253",SpecialArrangements,Special arrangements,"This value set defines a set of codes that can be used to indicate the kinds of special arrangements in place for a patients visit.","StructureDefinition/ng-encounter","THO"
http://hl7.org/fhir/ValueSet/encounter-special-courtesy,4.0.1,draft,"2.16.840.1.113883.4.642.3.252",SpecialCourtesy,Special courtesy,"This value set defines a set of codes that can be used to indicate special courtesies provided to the patient.","StructureDefinition/ng-encounter","THO (V3)"
http://hl7.org/fhir/ValueSet/encounter-status,4.0.1,draft,"2.16.840.1.113883.4.642.3.246",EncounterStatus,EncounterStatus,"Current state of the encounter.","StructureDefinition/ng-encounter","hl7.fhir.r4.core"
http://hl7.org/fhir/ValueSet/encounter-type,4.0.1,draft,"2.16.840.1.113883.4.642.3.248",EncounterType,Encounter type,"This example value set defines a set of codes that can be used to indicate the type of encounter: a specific code indicating type of service provided.","StructureDefinition/ng-encounter","THO"
http://hl7.org/fhir/ValueSet/event-status,4.0.1,draft,"2.16.840.1.113883.4.642.3.109",EventStatus,EventStatus,"Codes identifying the lifecycle stage of an event.","StructureDefinition/ng-communication,StructureDefinition/ng-procedure","hl7.fhir.r4.core"
http://hl7.org/fhir/ValueSet/ex-benefitcategory,4.0.1,draft,"2.16.840.1.113883.4.642.3.1174",BenefitCategoryCodes,Benefit Category Codes,"This value set includes examples of Benefit Category codes.","StructureDefinition/ng-coverage-eligibility-request,StructureDefinition/ng-claim,StructureDefinition/ng-coverage-eligibility-response,StructureDefinition/ng-explanation-of-benefit","THO"
http://hl7.org/fhir/ValueSet/ex-diagnosis-on-admission,4.0.1,draft,"2.16.840.1.113883.4.642.3.1169",ExampleDiagnosisOnAdmissionCodes,Example Diagnosis on Admission Codes,"This value set includes example Diagnosis on Admission codes.","StructureDefinition/ng-claim,StructureDefinition/ng-explanation-of-benefit","THO"
http://hl7.org/fhir/ValueSet/ex-diagnosisrelatedgroup,4.0.1,draft,"2.16.840.1.113883.4.642.3.588",ExampleDiagnosisRelatedGroupCodes,Example Diagnosis Related Group Codes,"This value set includes example Diagnosis Related Group codes.","StructureDefinition/ng-claim,StructureDefinition/ng-explanation-of-benefit","THO"
http://hl7.org/fhir/ValueSet/ex-diagnosistype,4.0.1,draft,"2.16.840.1.113883.4.642.3.590",ExampleDiagnosisTypeCodes,Example Diagnosis Type Codes,"This value set includes example Diagnosis Type codes.","StructureDefinition/ng-claim,StructureDefinition/ng-explanation-of-benefit","THO"
http://hl7.org/fhir/ValueSet/ex-paymenttype,4.0.1,draft,"2.16.840.1.113883.4.642.3.616",ExamplePaymentTypeCodes,Example Payment Type Codes,"This value set includes example Payment Type codes.","StructureDefinition/ng-claim-response,StructureDefinition/ng-explanation-of-benefit","THO"
http://hl7.org/fhir/ValueSet/ex-procedure-type,4.0.1,draft,"2.16.840.1.113883.4.642.3.1387",ExampleProcedureTypeCodes,Example Procedure Type Codes,"This value set includes example Procedure Type codes.","StructureDefinition/ng-claim,StructureDefinition/ng-explanation-of-benefit","THO"
http://hl7.org/fhir/ValueSet/ex-program-code,4.0.1,draft,"2.16.840.1.113883.4.642.3.576",ExampleProgramReasonCodes,Example Program Reason Codes,"This value set includes sample Program Reason Span codes.","StructureDefinition/ng-claim-response,StructureDefinition/ng-claim,StructureDefinition/ng-explanation-of-benefit","THO"
http://hl7.org/fhir/ValueSet/ex-revenue-center,4.0.1,draft,"2.16.840.1.113883.4.642.3.594",ExampleRevenueCenterCodes,Example Revenue Center Codes,"This value set includes sample Revenue Center codes.","StructureDefinition/ng-claim,StructureDefinition/ng-explanation-of-benefit","THO"
http://hl7.org/fhir/ValueSet/explanationofbenefit-status,4.0.1,draft,"2.16.840.1.113883.4.642.3.618",ExplanationOfBenefitStatus,ExplanationOfBenefitStatus,"A code specifying the state of the resource instance.","StructureDefinition/ng-explanation-of-benefit","hl7.fhir.r4.core"
http://hl7.org/fhir/ValueSet/flag-status,4.0.1,draft,"2.16.840.1.113883.4.642.3.120",FlagStatus,FlagStatus,"Indicates whether this flag is active and needs to be displayed to a user, or whether it is no longer needed or was entered in error.","StructureDefinition/ng-flag","hl7.fhir.r4.core"
http://hl7.org/fhir/ValueSet/fm-status,4.0.1,draft,"2.16.840.1.113883.4.642.3.592",FinancialResourceStatusCodes,Financial Resource Status Codes,"This value set includes Status codes.","StructureDefinition/ng-coverage,StructureDefinition/ng-claim-response,StructureDefinition/ng-coverage-eligibility-request,StructureDefinition/ng-claim,StructureDefinition/ng-coverage-eligibility-response","hl7.fhir.r4.core"
http://hl7.org/fhir/ValueSet/formatcodes,4.0.1,active,"1.3.6.1.4.1.19376.1.2.7.1",DocumentReferenceFormatCodeSet,DocumentReference Format Code Set,"The value set is defined to be the set of format codes defined by the IHE Technical Framework, and also including additional format codes defined by the    HL7. The value set is listed in HITSP C80 Table 2-153 Format Code Value Set Definition,    with additions published later by IHE as published    at http://wiki.ihe.net/index.php?title=IHE_Format_Codes   and with additions published later by HL7 as published at https://confluence.hl7.org/display/SD/Format+Codes+for+IHE+XDS.   This is the code specifying the technical format of the document. Along with the typeCode,    it should provide sufficient information to allow any potential document consumer to know    if it will be able to process the document. The code shall be sufficiently specific to    ensure processing/display by identifying a document encoding, structure and template. The actual list of codes here is incomplete","StructureDefinition/ng-documents","Other"
http://hl7.org/fhir/ValueSet/forms,4.0.1,draft,"2.16.840.1.113883.4.642.3.37",Form Codes,Forms,"This value set includes a sample set of Forms codes.","StructureDefinition/ng-claim-response,StructureDefinition/ng-coverage-eligibility-response,StructureDefinition/ng-explanation-of-benefit","THO"
http://hl7.org/fhir/ValueSet/fundsreserve,4.0.1,draft,"2.16.840.1.113883.4.642.3.33",Funds Reservation Codes,FundsReserve,"This value set includes sample funds reservation type codes.","StructureDefinition/ng-claim-response,StructureDefinition/ng-claim,StructureDefinition/ng-explanation-of-benefit","THO"
http://hl7.org/fhir/ValueSet/goal-achievement,4.0.1,draft,"2.16.840.1.113883.4.642.3.1374",GoalAchievementStatus,Goal achievement status,"Describes the progression, or lack thereof, towards the goal against the target.","StructureDefinition/ng-goal","THO"
http://hl7.org/fhir/ValueSet/goal-category,4.0.1,draft,"2.16.840.1.113883.4.642.3.275",GoalCategory,Goal category,"Example codes for grouping goals to use for filtering or presentation.","StructureDefinition/ng-goal","THO"
http://hl7.org/fhir/ValueSet/goal-priority,4.0.1,draft,"2.16.840.1.113883.4.642.3.273",GoalPriority,Goal priority,"Indicates the level of importance associated with reaching or sustaining a goal.","StructureDefinition/ng-goal","THO"
http://hl7.org/fhir/ValueSet/goal-start-event,4.0.1,draft,"2.16.840.1.113883.4.642.3.279",GoalStartEvent,Goal start event,"Identifies types of events that might trigger the start of a goal.","StructureDefinition/ng-goal","SCT"
http://hl7.org/fhir/ValueSet/goal-status,4.0.1,draft,"2.16.840.1.113883.4.642.3.271",GoalLifecycleStatus,GoalLifecycleStatus,"Codes that reflect the current state of a goal and whether the goal is still being targeted.","StructureDefinition/ng-goal","hl7.fhir.r4.core"
http://hl7.org/fhir/ValueSet/http-verb,4.0.1,active,"2.16.840.1.113883.4.642.3.624",HTTPVerb,HTTPVerb,"HTTP verbs (in the HTTP command line). See [HTTP rfc](https://tools.ietf.org/html/rfc7231) for details.","StructureDefinition/ng-mnch-referral-bundle,StructureDefinition/ng-ips-bundle,StructureDefinition/ng-aefi-report-bundle,StructureDefinition/ng-imm-smart-scheduler-bundle","hl7.fhir.r4.core"
http://hl7.org/fhir/ValueSet/icd-10,4.0.1,draft,"2.16.840.1.113883.4.642.3.531",ICD-10Codes,ICD-10 Codes,"This value set includes sample ICD-10 codes.","StructureDefinition/ng-coverage-eligibility-request,StructureDefinition/ng-claim,StructureDefinition/ng-explanation-of-benefit","hl7.terminology.r4"
http://hl7.org/fhir/ValueSet/icd-10-procedures,4.0.1,draft,"2.16.840.1.113883.4.642.3.574",ICD-10ProcedureCodes,ICD-10 Procedure Codes,"This value set includes sample ICD-10 Procedure codes.","StructureDefinition/ng-claim,StructureDefinition/ng-explanation-of-benefit","hl7.fhir.r4.core"
http://hl7.org/fhir/ValueSet/identifier-type,4.0.1,active,"2.16.840.1.113883.4.642.3.45",Identifier Type Codes,IdentifierType,"A coded type for an identifier that can be used to determine which identifier to use for a specific purpose.","StructureDefinition/ng-pharmacy-organization,StructureDefinition/ng-patient,StructureDefinition/ng-provider-organization,StructureDefinition/ng-practitioner,StructureDefinition/ng-flag,StructureDefinition/ng-naming-system,StructureDefinition/ng-insurer-organization,StructureDefinition/ng-organization","THO (V2)"
http://hl7.org/fhir/ValueSet/identifier-use,4.0.1,active,"2.16.840.1.113883.4.642.3.57",IdentifierUse,IdentifierUse,"Identifies the purpose for this identifier, if known .","StructureDefinition/ng-pharmacy-organization,StructureDefinition/ng-patient,StructureDefinition/ng-provider-organization,StructureDefinition/ng-practitioner,StructureDefinition/ng-flag,StructureDefinition/ng-insurer-organization,StructureDefinition/ng-organization","hl7.fhir.r4.core"
http://hl7.org/fhir/ValueSet/immunization-function,4.0.1,draft,"2.16.840.1.113883.4.642.3.995",ImmunizationFunctionCodes,Immunization Function Codes,"The value set to instantiate this attribute should be drawn from a terminologically robust code system that consists of or contains concepts to support describing the function a practitioner or organization may play in the immunization event. This value set is provided as a suggestive example.","StructureDefinition/ng-immunization","THO (V2)"
http://hl7.org/fhir/ValueSet/immunization-funding-source,4.0.1,draft,"2.16.840.1.113883.4.642.3.293",ImmunizationFundingSource,Immunization Funding Source,"The value set to instantiate this attribute should be drawn from a terminologically robust code system that consists of or contains concepts to support describing the source of the vaccine administered. This value set is provided as a suggestive example.","StructureDefinition/ng-immunization","THO"
http://hl7.org/fhir/ValueSet/immunization-origin,4.0.1,draft,"2.16.840.1.113883.4.642.3.296",ImmunizationOriginCodes,Immunization Origin Codes,"The value set to instantiate this attribute should be drawn from a terminologically robust code system that consists of or contains concepts to support describing the source of the data when the report of the immunization event is not based on information from the person, entity or organization who administered the vaccine. This value set is provided as a suggestive example.","StructureDefinition/ng-immunization","THO"
http://hl7.org/fhir/ValueSet/immunization-program-eligibility,4.0.1,draft,"2.16.840.1.113883.4.642.3.291",ImmunizationProgramEligibility,Immunization Program Eligibility,"The value set to instantiate this attribute should be drawn from a terminologically robust code system that consists of or contains concepts to support describing the patient's eligibility for a vaccination program. This value set is provided as a suggestive example.","StructureDefinition/ng-immunization","THO"
http://hl7.org/fhir/ValueSet/immunization-reason,4.0.1,draft,"2.16.840.1.113883.4.642.3.290",ImmunizationReasonCodes,Immunization Reason Codes,"The value set to instantiate this attribute should be drawn from a terminologically robust code system that consists of or contains concepts to support describing the reason why a dose of vaccine was administered. This value set is provided as a suggestive example.","StructureDefinition/ng-immunization","SCT"
http://hl7.org/fhir/ValueSet/immunization-recommendation-date-criterion,4.0.1,draft,"2.16.840.1.113883.4.642.3.308",ImmunizationRecommendationDateCriterionCodes,Immunization Recommendation Date Criterion Codes,"The value set to instantiate this attribute should be drawn from a terminologically robust code system that consists of or contains concepts to support the definition of dates relevant to recommendations for future doses of vaccines. This value set is provided as a suggestive example.","StructureDefinition/ng-immunization-recommendation","LOINC"
http://hl7.org/fhir/ValueSet/immunization-recommendation-reason,4.0.1,draft,"2.16.840.1.113883.4.642.3.307",ImmunizationRecommendationReasonCodes,Immunization Recommendation Reason Codes,"The value set to instantiate this attribute should be drawn from a terminologically robust code system that consists of or contains concepts to support describing the reasons why a given recommendation status is assigned. This value set is provided as a suggestive example and includes SNOMED CT concepts.","StructureDefinition/ng-immunization-recommendation","SCT"
http://hl7.org/fhir/ValueSet/immunization-recommendation-status,4.0.1,draft,"2.16.840.1.113883.4.642.3.305",ImmunizationRecommendationStatusCodes,Immunization Recommendation Status Codes,"The value set to instantiate this attribute should be drawn from a terminologically robust code system that consists of or contains concepts to support describing the status of the patient towards perceived immunity against a vaccine preventable disease. This value set is provided as a suggestive example.","StructureDefinition/ng-immunization-recommendation","THO"
http://hl7.org/fhir/ValueSet/immunization-recommendation-target-disease,4.0.1,draft,"2.16.840.1.113883.4.642.3.309",ImmunizationRecommendationTargetDiseaseCodes,Immunization Recommendation Target Disease Codes,"The value set to instantiate this attribute should be drawn from a terminologically robust code system that consists of or contains concepts to support describing the disease targeted by a vaccination recommendation. This value set is provided as a suggestive example and includes the SNOMED CT concepts from the 64572001 (Disease) hierarchy.","StructureDefinition/ng-immunization-recommendation","SCT"
http://hl7.org/fhir/ValueSet/immunization-route,4.0.1,draft,"2.16.840.1.113883.4.642.3.289",ImmunizationRouteCodes,Immunization Route Codes,"The value set to instantiate this attribute should be drawn from a terminologically robust code system that consists of or contains concepts to support describing the administrative routes used during vaccination. This value set is provided as a suggestive example.","StructureDefinition/ng-immunization","THO (V3)"
http://hl7.org/fhir/ValueSet/immunization-site,4.0.1,draft,"2.16.840.1.113883.4.642.3.288",CodesForImmunizationSiteOfAdministration,Codes for Immunization Site of Administration,"The value set to instantiate this attribute should be drawn from a terminologically robust code system that consists of or contains concepts to support describing the body site where the vaccination occurred. This value set is provided as a suggestive example.","StructureDefinition/ng-immunization","THO (V3)"
http://hl7.org/fhir/ValueSet/immunization-status,4.0.1,draft,"2.16.840.1.113883.4.642.3.295",ImmunizationStatusCodes,Immunization Status Codes,"The value set to instantiate this attribute should be drawn from a terminologically robust code system that consists of or contains concepts to support describing the current status of the administered dose of vaccine.","StructureDefinition/ng-immunization","hl7.fhir.r4.core"
http://hl7.org/fhir/ValueSet/immunization-status-reason,4.0.1,draft,"2.16.840.1.113883.4.642.3.992",ImmunizationStatusReasonCodes,Immunization Status Reason Codes,"The value set to instantiate this attribute should be drawn from a terminologically robust code system that consists of or contains concepts to support describing the reason why a dose of vaccine was not administered. This value set is provided as a suggestive example.","StructureDefinition/ng-immunization","THO (V3),SCT"
http://hl7.org/fhir/ValueSet/immunization-subpotent-reason,4.0.1,draft,"2.16.840.1.113883.4.642.3.993",ImmunizationSubpotentReason,Immunization Subpotent Reason,"The value set to instantiate this attribute should be drawn from a terminologically robust code system that consists of or contains concepts to support describing the reason why a dose is considered to be subpotent. This value set is provided as a suggestive example.","StructureDefinition/ng-immunization","THO"
http://hl7.org/fhir/ValueSet/immunization-target-disease,4.0.1,draft,"2.16.840.1.113883.4.642.3.1047",ImmunizationTargetDiseaseCodes,Immunization Target Disease Codes,"The value set to instantiate this attribute should be drawn from a terminologically robust code system that consists of or contains concepts to support describing the disease that the dose is being administered against. This value set is provided as a suggestive example and includes the SNOMED CT concepts from the 64572001 (Disease) hierarchy.","StructureDefinition/ng-immunization","SCT"
http://hl7.org/fhir/ValueSet/invoice-priceComponentType,4.0.1,draft,"2.16.840.1.113883.4.642.3.868",InvoicePriceComponentType,InvoicePriceComponentType,"Codes indicating the kind of the price component.","StructureDefinition/ng-invoice","hl7.fhir.r4.core"
http://hl7.org/fhir/ValueSet/invoice-status,4.0.1,draft,"2.16.840.1.113883.4.642.3.866",InvoiceStatus,InvoiceStatus,"Codes identifying the lifecycle stage of an Invoice.","StructureDefinition/ng-invoice","hl7.fhir.r4.core"
http://hl7.org/fhir/ValueSet/item-type,4.0.1,draft,"2.16.840.1.113883.4.642.3.444",QuestionnaireItemType,QuestionnaireItemType,"Distinguishes groups from questions and display text and indicates data type for questions.","StructureDefinition/ng-hiv-questionnaire,StructureDefinition/ng-questionnaire,StructureDefinition/ng-immunization-questionnaire","hl7.fhir.r4.core"
http://hl7.org/fhir/ValueSet/jurisdiction,4.0.1,active,"2.16.840.1.113883.4.642.3.48",Jurisdiction ValueSet,Jurisdiction,"This value set defines a base set of codes for country, country subdivision and region    for indicating where a resource is intended to be used.             Note: The codes for countries and country subdivisions are taken from    [ISO 3166](https://www.iso.org/iso-3166-country-codes.html)    while the codes for ""supra-national"" regions are from    [UN Standard country or area codes for statistical use (M49)](http://unstats.un.org/unsd/methods/m49/m49.htm).","StructureDefinition/ng-hiv-questionnaire,StructureDefinition/ng-measure,StructureDefinition/ng-questionnaire,StructureDefinition/ng-naming-system,StructureDefinition/ng-immunization-questionnaire","hl7.terminology.r4,Other"
http://hl7.org/fhir/ValueSet/languages,4.0.1,draft,"2.16.840.1.113883.4.642.3.20",CommonLanguages,Common Languages,"This value set includes common codes from BCP-47 (http://tools.ietf.org/html/bcp47)","StructureDefinition/ng-goal,StructureDefinition/ng-related-person,StructureDefinition/ng-mnch-referral-bundle,StructureDefinition/ng-measure,StructureDefinition/ng-observation-tobacco-use,StructureDefinition/ng-care-plan,StructureDefinition/ng-observation-results-radiology,StructureDefinition/ng-pharmacy-organization,StructureDefinition/ng-healthcare-service,StructureDefinition/ng-consent,StructureDefinition/ng-invoice,StructureDefinition/ng-naming-system,StructureDefinition/ng-immunization,StructureDefinition/ng-organization,StructureDefinition/ng-communication,StructureDefinition/ng-location,StructureDefinition/ng-aefi-report-bundle,StructureDefinition/ng-observation-alcohol-use,StructureDefinition/ng-allergy-intolerance,StructureDefinition/ng-explanation-of-benefit,StructureDefinition/ng-documents,StructureDefinition/ng-ips-composition,StructureDefinition/ng-observation-results-laboratory-pathology,StructureDefinition/ng-task,StructureDefinition/ng-medication-request,StructureDefinition/ng-encounter,StructureDefinition/ng-device,StructureDefinition/ng-procedure,StructureDefinition/ng-practitioner,StructureDefinition/ng-coverage-eligibility-request,StructureDefinition/ng-observation-pregnancy-status,StructureDefinition/ng-immunization-questionnaire,StructureDefinition/ng-observation-pregnancy-outcome,StructureDefinition/ng-practitioner-role,StructureDefinition/ng-patient,StructureDefinition/ng-observation-pregnancy-edd,StructureDefinition/ng-medication-statement,StructureDefinition/ng-device-request,StructureDefinition/ng-coverage-eligibility-response,StructureDefinition/ng-imm-smart-scheduler-bundle,StructureDefinition/ng-hiv-questionnaire,StructureDefinition/ng-provenance,StructureDefinition/ng-coverage,StructureDefinition/ng-immunization-recommendation,StructureDefinition/ng-ips-bundle,StructureDefinition/ng-questionnaire,StructureDefinition/ng-appointment,StructureDefinition/ng-observation,StructureDefinition/ng-measure-report,StructureDefinition/ng-specimen,StructureDefinition/ng-diagnostic-report,StructureDefinition/ng-medication,StructureDefinition/ng-flag,StructureDefinition/ng-medication-dispense,StructureDefinition/ng-provider-organization,StructureDefinition/ng-claim-response,StructureDefinition/ng-service-request,StructureDefinition/ng-insurer-organization,StructureDefinition/ng-claim,StructureDefinition/ng-condition","hl7.fhir.uv.xver-r5.r4"
http://hl7.org/fhir/ValueSet/link-type,4.0.1,active,"2.16.840.1.113883.4.642.3.423",LinkType,LinkType,"The type of link between this patient resource and another patient resource.","StructureDefinition/ng-patient","hl7.fhir.r4.core"
http://hl7.org/fhir/ValueSet/list-empty-reason,4.0.1,draft,"2.16.840.1.113883.4.642.3.322",ListEmptyReasons,List Empty Reasons,"General reasons for a list to be empty. Reasons are either related to a summary list (i.e. problem or medication list) or to a workflow related list (i.e. consultation list).","StructureDefinition/ng-ips-composition","THO"
http://hl7.org/fhir/ValueSet/list-mode,4.0.1,draft,"2.16.840.1.113883.4.642.3.318",ListMode,ListMode,"The processing mode that applies to this list.","StructureDefinition/ng-ips-composition","hl7.fhir.r4.core"
http://hl7.org/fhir/ValueSet/list-order,4.0.1,draft,"2.16.840.1.113883.4.642.3.324",ListOrderCodes,List Order Codes,"Base values for the order of the items in a list resource.","StructureDefinition/ng-ips-composition","THO"
http://hl7.org/fhir/ValueSet/location-mode,4.0.1,draft,"2.16.840.1.113883.4.642.3.330",LocationMode,LocationMode,"Indicates whether a resource instance represents a specific location or a class of locations.","StructureDefinition/ng-location","hl7.fhir.r4.core"
http://hl7.org/fhir/ValueSet/location-physical-type,4.0.1,draft,"2.16.840.1.113883.4.642.3.328",LocationType,Location type,"This example value set defines a set of codes that can be used to indicate the physical form of the Location.","StructureDefinition/ng-encounter,StructureDefinition/ng-location","THO"
http://hl7.org/fhir/ValueSet/location-status,4.0.1,draft,"2.16.840.1.113883.4.642.3.332",LocationStatus,LocationStatus,"Indicates whether the location is still in use.","StructureDefinition/ng-location","hl7.fhir.r4.core"
http://hl7.org/fhir/ValueSet/manifestation-or-symptom,4.0.1,draft,"2.16.840.1.113883.4.642.3.169",ManifestationAndSymptomCodes,Manifestation and Symptom Codes,"Example value set for Manifestation and Symptom codes.","StructureDefinition/ng-condition","SCT"
http://hl7.org/fhir/ValueSet/marital-status,4.0.1,active,"2.16.840.1.113883.4.642.3.29",Marital Status Codes,MaritalStatus,"This value set defines the set of codes that can be used to indicate the marital status of a person.","StructureDefinition/ng-patient","THO (V3)"
http://hl7.org/fhir/ValueSet/measure-data-usage,4.0.1,draft,"2.16.840.1.113883.4.642.3.771",MeasureDataUsage,MeasureDataUsage,"The intended usage for supplemental data elements in the measure.","StructureDefinition/ng-measure","THO"
http://hl7.org/fhir/ValueSet/measure-improvement-notation,4.0.1,draft,"2.16.840.1.113883.4.642.3.1236",MeasureImprovementNotation,MeasureImprovementNotation,"Observation values that indicate what change in a measurement value or score is indicative of an improvement in the measured item or scored issue.","StructureDefinition/ng-measure,StructureDefinition/ng-measure-report","THO"
http://hl7.org/fhir/ValueSet/measure-population,4.0.1,draft,"2.16.840.1.113883.4.642.3.765",MeasurePopulationType,MeasurePopulationType,"The type of population.","StructureDefinition/ng-measure,StructureDefinition/ng-measure-report","THO"
http://hl7.org/fhir/ValueSet/measure-report-status,4.0.1,draft,"2.16.840.1.113883.4.642.3.776",MeasureReportStatus,MeasureReportStatus,"The status of the measure report.","StructureDefinition/ng-measure-report","hl7.fhir.r4.core"
http://hl7.org/fhir/ValueSet/measure-report-type,4.0.1,draft,"2.16.840.1.113883.4.642.3.778",MeasureReportType,MeasureReportType,"The type of the measure report.","StructureDefinition/ng-measure-report","hl7.fhir.r4.core"
http://hl7.org/fhir/ValueSet/measure-scoring,4.0.1,draft,"2.16.840.1.113883.4.642.3.767",MeasureScoring,MeasureScoring,"The scoring type of the measure.","StructureDefinition/ng-measure","THO"
http://hl7.org/fhir/ValueSet/measure-type,4.0.1,draft,"2.16.840.1.113883.4.642.3.769",MeasureType,MeasureType,"The type of measure (includes codes from 2.16.840.1.113883.1.11.20368).","StructureDefinition/ng-measure","THO"
http://hl7.org/fhir/ValueSet/medication-as-needed-reason,4.0.1,draft,"2.16.840.1.113883.4.642.3.96",SNOMEDCTMedicationAsNeededReasonCodes,SNOMED CT Medication As Needed Reason Codes,"This value set includes all clinical findings from SNOMED CT - provided as an exemplar value set.","StructureDefinition/ng-service-request","SCT"
http://hl7.org/fhir/ValueSet/medication-codes,4.0.1,draft,"2.16.840.1.113883.4.642.3.375",SNOMEDCTMedicationCodes,SNOMED CT Medication Codes,"This value set includes all drug or medicament substance codes and all pharmaceutical/biologic products from SNOMED CT - provided as an exemplar value set.","StructureDefinition/ng-medication-dispense,StructureDefinition/ng-care-plan,StructureDefinition/ng-medication,StructureDefinition/ng-medication-statement","SCT"
http://hl7.org/fhir/ValueSet/medication-form-codes,4.0.1,draft,"2.16.840.1.113883.4.642.3.374",SNOMEDCTFormCodes,SNOMED CT Form Codes,"This value set includes all dose form codes from SNOMED CT - provided as an exemplar.","StructureDefinition/ng-medication","SCT"
http://hl7.org/fhir/ValueSet/medication-statement-category,4.0.1,draft,"2.16.840.1.113883.4.642.3.370",Medication usage category codes,Medication usage category codes,"Medication Status Codes","StructureDefinition/ng-medication-statement","THO"
http://hl7.org/fhir/ValueSet/medication-statement-status,4.0.1,draft,"2.16.840.1.113883.4.642.3.367",Medication Status Codes,Medication  status  codes,"Medication Status Codes","StructureDefinition/ng-medication-statement","hl7.fhir.r4.core"
http://hl7.org/fhir/ValueSet/medication-status,4.0.1,draft,"2.16.840.1.113883.4.642.3.376",Medication Status Codes,Medication  status  codes,"Medication Status Codes","StructureDefinition/ng-medication","hl7.fhir.r4.core"
http://hl7.org/fhir/ValueSet/medicationdispense-category,4.0.1,draft,"2.16.840.1.113883.4.642.3.1314",MedicationDispense Category Codes,Medication dispense  category  codes,"MedicationDispense Category Codes","StructureDefinition/ng-medication-dispense","THO"
http://hl7.org/fhir/ValueSet/medicationdispense-performer-function,4.0.1,draft,"2.16.840.1.113883.4.642.3.1318",MedicationDispense Performer Function Codes,Medication dispense  performer  function  codes,"MedicationDispense Performer Function Codes","StructureDefinition/ng-medication-dispense","THO"
http://hl7.org/fhir/ValueSet/medicationdispense-status,4.0.1,draft,"2.16.840.1.113883.4.642.3.1312",MedicationDispense Status Codes,Medication dispense  status  codes,"MedicationDispense Status Codes","StructureDefinition/ng-medication-dispense","THO"
http://hl7.org/fhir/ValueSet/medicationdispense-status-reason,4.0.1,draft,"2.16.840.1.113883.4.642.3.1316",MedicationDispense Status Reason Codes,Medication dispense  status  reason  codes,"MedicationDispense Status Codes","StructureDefinition/ng-medication-dispense","THO"
http://hl7.org/fhir/ValueSet/medicationrequest-category,4.0.1,draft,"2.16.840.1.113883.4.642.3.1322",medicationRequest Category Codes,Medication request  category  codes,"MedicationRequest Category Codes","StructureDefinition/ng-medication-request","THO"
http://hl7.org/fhir/ValueSet/medicationrequest-course-of-therapy,4.0.1,draft,"2.16.840.1.113883.4.642.3.1326",medicationRequest Course of Therapy Codes,Medication request  course of  therapy  codes,"MedicationRequest Course of Therapy Codes","StructureDefinition/ng-medication-request","THO"
http://hl7.org/fhir/ValueSet/medicationrequest-intent,4.0.1,draft,"2.16.840.1.113883.4.642.3.1321",medicationRequest Intent,Medication request  intent,"MedicationRequest Intent Codes","StructureDefinition/ng-medication-request","hl7.fhir.r4.core"
http://hl7.org/fhir/ValueSet/medicationrequest-status,4.0.1,draft,"2.16.840.1.113883.4.642.3.1320",medicationrequest Status,Medicationrequest  status,"MedicationRequest Status Codes","StructureDefinition/ng-medication-request","hl7.fhir.r4.core"
http://hl7.org/fhir/ValueSet/medicationrequest-status-reason,4.0.1,draft,"2.16.840.1.113883.4.642.3.1324",medicationRequest Status Reason Codes,Medication request  status  reason  codes,"MedicationRequest Status Reason Codes","StructureDefinition/ng-medication-request","THO"
http://hl7.org/fhir/ValueSet/mimetypes,4.0.1,active,"2.16.840.1.113883.4.642.3.1024",Mime Types,MimeType,"This value set includes all possible codes from BCP-13 (http://tools.ietf.org/html/bcp13)","StructureDefinition/ng-documents","Other"
http://hl7.org/fhir/ValueSet/missing-tooth-reason,4.0.1,draft,"2.16.840.1.113883.4.642.3.534",MissingToothReasonCodes,Missing Tooth Reason Codes,"This value set includes sample Missing Tooth Reason codes.","StructureDefinition/ng-claim,StructureDefinition/ng-explanation-of-benefit","THO"
http://hl7.org/fhir/ValueSet/name-use,4.0.1,active,"2.16.840.1.113883.4.642.3.65",NameUse,NameUse,"The use of a human name.","StructureDefinition/ng-related-person,StructureDefinition/ng-patient,StructureDefinition/ng-practitioner","hl7.fhir.r4.core"
http://hl7.org/fhir/ValueSet/namingsystem-identifier-type,4.0.1,draft,"2.16.840.1.113883.4.642.3.492",NamingSystemIdentifierType,NamingSystemIdentifierType,"Identifies the style of unique identifier used to identify a namespace.","StructureDefinition/ng-naming-system","hl7.fhir.r4.core"
http://hl7.org/fhir/ValueSet/namingsystem-type,4.0.1,draft,"2.16.840.1.113883.4.642.3.490",NamingSystemType,NamingSystemType,"Identifies the purpose of the naming system.","StructureDefinition/ng-naming-system","hl7.fhir.r4.core"
http://hl7.org/fhir/ValueSet/note-type,4.0.1,draft,"2.16.840.1.113883.4.642.3.15",NoteType,NoteType,"The presentation types of notes.","StructureDefinition/ng-claim-response,StructureDefinition/ng-explanation-of-benefit","hl7.fhir.r4.core"
http://hl7.org/fhir/ValueSet/observation-category,4.0.1,draft,"2.16.840.1.113883.4.642.3.403",ObservationCategoryCodes,Observation Category Codes,"Observation Category codes.","StructureDefinition/ng-observation,StructureDefinition/ng-observation-results-laboratory-pathology,StructureDefinition/ng-observation-tobacco-use,StructureDefinition/ng-observation-results-radiology,StructureDefinition/ng-observation-alcohol-use,StructureDefinition/ng-observation-pregnancy-edd,StructureDefinition/ng-observation-pregnancy-status,StructureDefinition/ng-observation-pregnancy-outcome","THO"
http://hl7.org/fhir/ValueSet/observation-codes,4.0.1,draft,"2.16.840.1.113883.4.642.3.396",LOINCCodes,LOINC Codes,"This value set includes all LOINC codes","StructureDefinition/ng-goal,StructureDefinition/ng-observation,StructureDefinition/ng-observation-results-laboratory-pathology,StructureDefinition/ng-observation-tobacco-use,StructureDefinition/ng-observation-alcohol-use,StructureDefinition/ng-observation-pregnancy-edd,StructureDefinition/ng-observation-pregnancy-status,StructureDefinition/ng-observation-pregnancy-outcome","LOINC"
http://hl7.org/fhir/ValueSet/observation-interpretation,4.0.1,active,"2.16.840.1.113883.4.642.3.399",ObservationInterpretationCodes,Observation Interpretation Codes,"A categorical assessment, providing a rough qualitative interpretation of the observation value,    such as “normal”/ “abnormal”,”low” / “high”, “better” / “worse”, “susceptible” / “resistant”, “expected”/ “not expected”.    The value set is intended to be for ANY use where coded representation of an interpretation is needed.             Notes:          This is being communicated in v2.x in OBX-8 (Observation Interpretation), in v3 in ObservationInterpretation (CWE) in R1 (Representative Realm) and in FHIR in    Observation.interpretation. Historically these values come from the laboratory domain, and these codes are extensively    used. The value set binding is extensible, so codes outside the value set that are needed for interpretation concepts    (i.e. particular meanings) that are not included in the value set can be used, and these new codes may also be added to    the value set and published in a future version.","StructureDefinition/ng-observation,StructureDefinition/ng-observation-results-laboratory-pathology,StructureDefinition/ng-observation-tobacco-use,StructureDefinition/ng-observation-results-radiology,StructureDefinition/ng-observation-alcohol-use,StructureDefinition/ng-observation-pregnancy-edd,StructureDefinition/ng-observation-pregnancy-status,StructureDefinition/ng-observation-pregnancy-outcome","THO (V3)"
http://hl7.org/fhir/ValueSet/observation-methods,4.0.1,draft,"2.16.840.1.113883.4.642.3.395",ObservationMethods,Observation Methods,"Observation Method codes from [SNOMED CT](http://snomed.info/sct) where concept is-a 272394005 (Technique (qualifier value)) or is-a 129264002 (Action (qualifier value)) or is-a 386053000 (Evaluation procedure(procedure))","StructureDefinition/ng-observation,StructureDefinition/ng-observation-results-laboratory-pathology,StructureDefinition/ng-observation-tobacco-use,StructureDefinition/ng-observation-results-radiology,StructureDefinition/ng-observation-alcohol-use,StructureDefinition/ng-observation-pregnancy-status,StructureDefinition/ng-observation-pregnancy-outcome","SCT"
http://hl7.org/fhir/ValueSet/observation-status,4.0.1,active,"2.16.840.1.113883.4.642.3.400",ObservationStatus,ObservationStatus,"Codes providing the status of an observation.","StructureDefinition/ng-observation,StructureDefinition/ng-observation-results-laboratory-pathology,StructureDefinition/ng-observation-tobacco-use,StructureDefinition/ng-observation-results-radiology,StructureDefinition/ng-observation-alcohol-use,StructureDefinition/ng-observation-pregnancy-edd,StructureDefinition/ng-observation-pregnancy-status,StructureDefinition/ng-observation-pregnancy-outcome","hl7.fhir.r4.core"
http://hl7.org/fhir/ValueSet/organization-type,4.0.1,draft,"2.16.840.1.113883.4.642.3.414",OrganizationType,Organization type,"This example value set defines a set of codes that can be used to indicate a type of organization.","StructureDefinition/ng-organization","THO"
http://hl7.org/fhir/ValueSet/participant-role,4.0.1,draft,"2.16.840.1.113883.4.642.3.152",ParticipantRoles,Participant Roles,"Roles of participants that may be included in a care team.  Defined as: Is a Person, Healthcare professional (occupation) or Healthcare related organization (qualifier value).","StructureDefinition/ng-device-request,StructureDefinition/ng-service-request","SCT"
http://hl7.org/fhir/ValueSet/participantrequired,4.0.1,draft,"2.16.840.1.113883.4.642.3.488",ParticipantRequired,ParticipantRequired,"Is the Participant required to attend the appointment.","StructureDefinition/ng-appointment","hl7.fhir.r4.core"
http://hl7.org/fhir/ValueSet/participationstatus,4.0.1,draft,"2.16.840.1.113883.4.642.3.486",ParticipationStatus,ParticipationStatus,"The Participation status of an appointment.","StructureDefinition/ng-appointment","hl7.fhir.r4.core"
http://hl7.org/fhir/ValueSet/patient-contactrelationship,4.0.1,active,"2.16.840.1.113883.4.642.3.1130",PatientContactRelationship,Patient Contact Relationship ,"The nature of the relationship between the patient and the contact person.","StructureDefinition/ng-patient","THO (V2)"
http://hl7.org/fhir/ValueSet/payeetype,4.0.1,draft,"2.16.840.1.113883.4.642.3.31",Claim Payee Type Codes,PayeeType,"This value set includes sample Payee Type codes.","StructureDefinition/ng-claim-response,StructureDefinition/ng-claim,StructureDefinition/ng-explanation-of-benefit","THO"
http://hl7.org/fhir/ValueSet/payment-adjustment-reason,4.0.1,draft,"2.16.840.1.113883.4.642.3.600",PaymentAdjustmentReasonCodes,Payment Adjustment Reason Codes,"This value set includes smattering of Payment Adjustment Reason codes.","StructureDefinition/ng-claim-response,StructureDefinition/ng-explanation-of-benefit","THO"
http://hl7.org/fhir/ValueSet/performer-role,4.0.1,draft,"2.16.840.1.113883.4.642.3.433",ProcedurePerformerRoleCodes,Procedure Performer Role Codes,"This example value set defines the set of codes that can be used to indicate a role of a procedure performer.","StructureDefinition/ng-task,StructureDefinition/ng-medication-request,StructureDefinition/ng-procedure","SCT"
http://hl7.org/fhir/ValueSet/practitioner-role,4.0.1,draft,"2.16.840.1.113883.4.642.3.439",PractitionerRole,Practitioner role,"This example value set defines a set of codes that can be used to indicate the role of a Practitioner.","StructureDefinition/ng-practitioner-role","SCT,THO"
http://hl7.org/fhir/ValueSet/procedure-category,4.0.1,draft,"2.16.840.1.113883.4.642.3.430",ProcedureCategoryCodes(SNOMEDCT),Procedure Category Codes (SNOMED CT),"Procedure Category code: A selection of relevant SNOMED CT codes.","StructureDefinition/ng-procedure","SCT"
http://hl7.org/fhir/ValueSet/procedure-code,4.0.1,draft,"2.16.840.1.113883.4.642.3.427",ProcedureCodes(SNOMEDCT),Procedure Codes (SNOMED CT),"Procedure Code: All SNOMED CT procedure codes.","StructureDefinition/ng-procedure,StructureDefinition/ng-service-request","SCT"
http://hl7.org/fhir/ValueSet/procedure-followup,4.0.1,draft,"2.16.840.1.113883.4.642.3.429",ProcedureFollowUpCodes(SNOMEDCT),Procedure Follow up Codes (SNOMED CT),"Procedure follow up codes: A selection of SNOMED CT codes relevant to procedure follow up.","StructureDefinition/ng-procedure","SCT"
http://hl7.org/fhir/ValueSet/procedure-not-performed-reason,4.0.1,active,"2.16.840.1.113883.4.642.3.431",ProcedureNotPerformedReason(SNOMED-CT),Procedure Not Performed Reason (SNOMED-CT),"Situation codes describing the reason that a procedure, which might otherwise be expected, was not performed, or a procedure that was started and was not completed. Consists of SNOMED CT codes, children of procedure contraindicated (183932001), procedure discontinued (416406003), procedure not done (416237000), procedure not indicated (428119001), procedure not offered (416064006), procedure not wanted (416432009), procedure refused (183944003), and procedure stopped (394908001).","StructureDefinition/ng-procedure","SCT"
http://hl7.org/fhir/ValueSet/procedure-outcome,4.0.1,draft,"2.16.840.1.113883.4.642.3.428",ProcedureOutcomeCodes(SNOMEDCT),Procedure Outcome Codes (SNOMED CT),"Procedure Outcome code: A selection of relevant SNOMED CT codes.","StructureDefinition/ng-procedure","SCT"
http://hl7.org/fhir/ValueSet/procedure-reason,4.0.1,draft,"2.16.840.1.113883.4.642.3.432",ProcedureReasonCodes,Procedure Reason Codes,"This example value set defines the set of codes that can be used to indicate a reason for a procedure.","StructureDefinition/ng-procedure,StructureDefinition/ng-service-request","SCT"
http://hl7.org/fhir/ValueSet/process-priority,4.0.1,draft,"2.16.840.1.113883.4.642.3.552",ProcessPriorityCodes,Process Priority Codes,"This value set includes the financial processing priority codes.","StructureDefinition/ng-coverage-eligibility-request,StructureDefinition/ng-claim,StructureDefinition/ng-explanation-of-benefit","THO"
http://hl7.org/fhir/ValueSet/program,4.0.1,draft,"2.16.840.1.113883.4.642.3.1383",Program,Program,"This value set defines an example set of codes that could be can be used to classify groupings of service-types/specialties.","StructureDefinition/ng-healthcare-service","THO"
http://hl7.org/fhir/ValueSet/provenance-activity-type,4.0.1,draft,"2.16.840.1.113883.4.642.3.438",ProvenanceActivityType,Provenance activity type,"This value set contains representative Activity Type codes, which includes codes from the HL7 DocumentCompletion, ActStatus, and DataOperations code system, W3C PROV-DM and PROV-N concepts and display names, several HL7 Lifecycle Event codes for which there are agreed upon definitions, and non-duplicated codes from the HL7 Security and Privacy Ontology Operations codes.","StructureDefinition/ng-provenance","THO (V3)"
http://hl7.org/fhir/ValueSet/provenance-agent-type,4.0.1,draft,"2.16.840.1.113883.4.642.3.1003",ProvenanceParticipantType,Provenance participant type,"The type of participation a provenance participant.","StructureDefinition/ng-provenance","THO"
http://hl7.org/fhir/ValueSet/provenance-entity-role,4.0.1,draft,"2.16.840.1.113883.4.642.3.436",ProvenanceEntityRole,ProvenanceEntityRole,"How an entity was used in an activity.","StructureDefinition/ng-provenance","hl7.fhir.r4.core"
http://hl7.org/fhir/ValueSet/provider-qualification,4.0.1,draft,"2.16.840.1.113883.4.642.3.570",ExampleProviderQualificationCodes,Example Provider Qualification Codes,"This value set includes sample Provider Qualification codes.","StructureDefinition/ng-claim,StructureDefinition/ng-explanation-of-benefit","THO"
http://hl7.org/fhir/ValueSet/publication-status,4.0.1,active,"2.16.840.1.113883.4.642.3.3",PublicationStatus,PublicationStatus,"The lifecycle status of an artifact.","StructureDefinition/ng-hiv-questionnaire,StructureDefinition/ng-measure,StructureDefinition/ng-questionnaire,StructureDefinition/ng-naming-system,StructureDefinition/ng-immunization-questionnaire","hl7.fhir.r4.core"
http://hl7.org/fhir/ValueSet/quantity-comparator,4.0.1,active,"2.16.840.1.113883.4.642.3.59",QuantityComparator,QuantityComparator,"How the Quantity should be understood and represented.","StructureDefinition/ng-observation,StructureDefinition/ng-observation-alcohol-use","hl7.fhir.r4.core"
http://hl7.org/fhir/ValueSet/questionnaire-answers,4.0.1,draft,"2.16.840.1.113883.4.642.3.446",QuestionnaireAnswerCodes,Questionnaire Answer Codes,"Example list of codes for answers to questions. (Not complete or necessarily appropriate.)","StructureDefinition/ng-hiv-questionnaire,StructureDefinition/ng-questionnaire,StructureDefinition/ng-immunization-questionnaire","SCT"
http://hl7.org/fhir/ValueSet/questionnaire-enable-behavior,4.0.1,draft,"2.16.840.1.113883.4.642.3.1007",EnableWhenBehavior,EnableWhenBehavior,"Controls how multiple enableWhen values are interpreted -  whether all or any must be true.","StructureDefinition/ng-hiv-questionnaire,StructureDefinition/ng-questionnaire,StructureDefinition/ng-immunization-questionnaire","hl7.fhir.r4.core"
http://hl7.org/fhir/ValueSet/questionnaire-enable-operator,4.0.1,draft,"2.16.840.1.113883.4.642.3.1005",QuestionnaireItemOperator,QuestionnaireItemOperator,"The criteria by which a question is enabled.","StructureDefinition/ng-hiv-questionnaire,StructureDefinition/ng-questionnaire,StructureDefinition/ng-immunization-questionnaire","hl7.fhir.r4.core"
http://hl7.org/fhir/ValueSet/questionnaire-questions,4.0.1,draft,"2.16.840.1.113883.4.642.3.443",QuestionnaireQuestionCodes,Questionnaire Question Codes,"Example list of codes for questions and groups of questions. (Not necessarily complete or appropriate.)","StructureDefinition/ng-hiv-questionnaire,StructureDefinition/ng-questionnaire,StructureDefinition/ng-immunization-questionnaire","LOINC"
http://hl7.org/fhir/ValueSet/reaction-event-severity,4.0.1,draft,"2.16.840.1.113883.4.642.3.135",AllergyIntoleranceSeverity,AllergyIntoleranceSeverity,"Clinical assessment of the severity of a reaction event as a whole, potentially considering multiple different manifestations.","StructureDefinition/ng-allergy-intolerance","hl7.fhir.r4.core"
http://hl7.org/fhir/ValueSet/reason-medication-status-codes,4.0.1,draft,"2.16.840.1.113883.4.642.3.369",SNOMEDCTDrugTherapyStatusCodes,SNOMED CT Drug Therapy Status codes ,"This value set includes some taken and not taken reason codes from SNOMED CT - provided as an exemplar","StructureDefinition/ng-medication-statement","SCT"
http://hl7.org/fhir/ValueSet/referencerange-appliesto,4.0.1,draft,"2.16.840.1.113883.4.642.3.407",ObservationReferenceRangeAppliesToCodes,Observation Reference Range Applies To Codes,"This value set defines a set of codes that can be used to indicate the particular target population the reference range applies to.","StructureDefinition/ng-observation,StructureDefinition/ng-observation-results-laboratory-pathology,StructureDefinition/ng-observation-tobacco-use,StructureDefinition/ng-observation-results-radiology,StructureDefinition/ng-observation-alcohol-use,StructureDefinition/ng-observation-pregnancy-edd,StructureDefinition/ng-observation-pregnancy-status,StructureDefinition/ng-observation-pregnancy-outcome","SCT"
http://hl7.org/fhir/ValueSet/referencerange-meaning,4.0.1,draft,"2.16.840.1.113883.4.642.3.397",ObservationReferenceRangeMeaningCodes,Observation Reference Range Meaning Codes,"This value set defines a set of codes that can be used to indicate the meaning/use of a reference range for a particular target population.","StructureDefinition/ng-observation,StructureDefinition/ng-observation-results-laboratory-pathology,StructureDefinition/ng-observation-tobacco-use,StructureDefinition/ng-observation-results-radiology,StructureDefinition/ng-observation-alcohol-use,StructureDefinition/ng-observation-pregnancy-edd,StructureDefinition/ng-observation-pregnancy-status,StructureDefinition/ng-observation-pregnancy-outcome","THO"
http://hl7.org/fhir/ValueSet/related-claim-relationship,4.0.1,draft,"2.16.840.1.113883.4.642.3.568",ExampleRelatedClaimRelationshipCodes,Example Related Claim Relationship Codes,"This value set includes sample Related Claim Relationship codes.","StructureDefinition/ng-claim,StructureDefinition/ng-explanation-of-benefit","THO"
http://hl7.org/fhir/ValueSet/relatedperson-relationshiptype,4.0.1,draft,"2.16.840.1.113883.4.642.3.449",PatientRelationshipType,Patient relationship type,"A set of codes that can be used to indicate the relationship between a Patient and a Related Person.","StructureDefinition/ng-related-person","THO (V3),THO (V2)"
http://hl7.org/fhir/ValueSet/remittance-outcome,4.0.1,draft,"2.16.840.1.113883.4.642.3.13",ClaimProcessingCodes,Claim Processing Codes,"This value set includes Claim Processing Outcome codes.","StructureDefinition/ng-claim-response,StructureDefinition/ng-coverage-eligibility-response,StructureDefinition/ng-explanation-of-benefit","hl7.fhir.r4.core"
http://hl7.org/fhir/ValueSet/report-codes,4.0.1,draft,"2.16.840.1.113883.4.642.3.233",LOINCDiagnosticReportCodes,LOINC Diagnostic Report Codes,"This value set includes LOINC codes that relate to Diagnostic Observations.","StructureDefinition/ng-diagnostic-report","LOINC"
http://hl7.org/fhir/ValueSet/request-intent,4.0.1,draft,"2.16.840.1.113883.4.642.3.113",RequestIntent,RequestIntent,"Codes indicating the degree of authority/intentionality associated with a request.","StructureDefinition/ng-device-request,StructureDefinition/ng-service-request","hl7.fhir.r4.core"
http://hl7.org/fhir/ValueSet/request-priority,4.0.1,draft,"2.16.840.1.113883.4.642.3.115",RequestPriority,Request priority,"The clinical priority of a diagnostic order.","StructureDefinition/ng-communication,StructureDefinition/ng-task,StructureDefinition/ng-medication-request,StructureDefinition/ng-device-request,StructureDefinition/ng-service-request","hl7.fhir.r4.core"
http://hl7.org/fhir/ValueSet/request-status,4.0.1,draft,"2.16.840.1.113883.4.642.3.111",RequestStatus,RequestStatus,"Codes identifying the lifecycle stage of a request.","StructureDefinition/ng-care-plan,StructureDefinition/ng-device-request,StructureDefinition/ng-service-request","hl7.fhir.r4.core"
http://hl7.org/fhir/ValueSet/resource-types,4.0.1,active,"2.16.840.1.113883.4.642.3.27",ResourceType,ResourceType,"One of the resource types defined as part of this version of FHIR.","StructureDefinition/ng-hiv-questionnaire,StructureDefinition/ng-ips-composition,StructureDefinition/ng-specimen,StructureDefinition/ng-diagnostic-report,StructureDefinition/ng-questionnaire,StructureDefinition/ng-observation-pregnancy-status,StructureDefinition/ng-immunization-questionnaire","hl7.fhir.r4.core"
http://hl7.org/fhir/ValueSet/route-codes,4.0.1,draft,"2.16.840.1.113883.4.642.3.98",SNOMEDCTRouteCodes,SNOMED CT Route Codes,"This value set includes all Route codes from SNOMED CT - provided as an exemplar.","StructureDefinition/ng-allergy-intolerance","SCT"
http://hl7.org/fhir/ValueSet/search-entry-mode,4.0.1,active,"2.16.840.1.113883.4.642.3.622",SearchEntryMode,SearchEntryMode,"Why an entry is in the result set - whether it's included as a match or because of an _include requirement, or to convey information or warning information about the search process.","StructureDefinition/ng-mnch-referral-bundle,StructureDefinition/ng-ips-bundle,StructureDefinition/ng-aefi-report-bundle,StructureDefinition/ng-imm-smart-scheduler-bundle","hl7.fhir.r4.core"
http://hl7.org/fhir/ValueSet/security-labels,4.0.1,active,"2.16.840.1.113883.4.642.3.47",All Security Labels,SecurityLabels,"A single value set for all security labels defined by FHIR.","StructureDefinition/ng-ips-composition,StructureDefinition/ng-patient,StructureDefinition/ng-consent,StructureDefinition/ng-documents",
http://hl7.org/fhir/ValueSet/security-role-type,4.0.1,draft,"2.16.840.1.113883.4.642.3.978",SecurityRoleType,SecurityRoleType,"This example FHIR value set is comprised of example Actor Type codes, which can be used to value FHIR agents, actors, and other role         elements such as those specified in financial transactions. The FHIR Actor value set is based on    DICOM Audit Message, C402;   ASTM Standard, E1762-95 [2013]; selected codes and          derived actor roles from HL7 RoleClass OID 2.16.840.1.113883.5.110;    HL7 Role Code 2.16.840.1.113883.5.111, including AgentRoleType;          HL7 ParticipationType OID: 2.16.840.1.113883.5.90; and    HL7 ParticipationFunction codes OID: 2.16.840.1.113883.5.88.           This value set includes, by reference, role codes from external code systems: NUCC Health Care Provider Taxonomy OID: 2.16.840.1.113883.6.101;          North American Industry Classification System [NAICS]OID: 2.16.840.1.113883.6.85; IndustryClassificationSystem 2.16.840.1.113883.1.11.16039;          and US Census Occupation Code OID: 2.16.840.1.113883.6.243 for relevant recipient or custodian codes not included in this value set.            If no source is indicated in the definition comments, then these are example FHIR codes.          It can be extended with appropriate roles described by SNOMED as well as those described in the HL7 Role Based Access Control Catalog and the          HL7 Healthcare (Security and Privacy) Access Control Catalog.            In Role-Based Access Control (RBAC), permissions are operations on an object that a user wishes to access. Permissions are grouped into roles.          A role characterizes the functions a user is allowed to perform. Roles are assigned to users. If the user's role has the appropriate permissions          to access an object, then that user is granted access to the object. FHIR readily enables RBAC, as FHIR Resources are object types and the CRUDE          events (the FHIR equivalent to permissions in the RBAC scheme) are operations on those objects.          In Attribute-Based Access Control (ABAC), a user requests to perform operations on objects. That user's access request is granted or denied          based on a set of access control policies that are specified in terms of attributes and conditions. FHIR readily enables ABAC, as instances of          a Resource in FHIR (again, Resources are object types) can have attributes associated with them. These attributes include security tags,          environment conditions, and a host of user and object characteristics, which are the same attributes as those used in ABAC. Attributes help          define the access control policies that determine the operations a user may perform on a Resource (in FHIR) or object (in ABAC). For example,          a tag (or attribute) may specify that the identified Resource (object) is not to be further disclosed without explicit consent from the patient.","StructureDefinition/ng-provenance,StructureDefinition/ng-consent","THO (V3),THO,DICOM"
http://hl7.org/fhir/ValueSet/service-category,4.0.1,draft,"2.16.840.1.113883.4.642.3.516",ServiceCategory,Service category,"This value set defines an example set of codes that can be used to classify groupings of service-types/specialties.","StructureDefinition/ng-healthcare-service,StructureDefinition/ng-appointment","THO"
http://hl7.org/fhir/ValueSet/service-place,4.0.1,draft,"2.16.840.1.113883.4.642.3.564",ExampleServicePlaceCodes,Example Service Place Codes,"This value set includes a smattering of Service Place codes.","StructureDefinition/ng-claim-response,StructureDefinition/ng-claim,StructureDefinition/ng-explanation-of-benefit","THO"
http://hl7.org/fhir/ValueSet/service-provision-conditions,4.0.1,draft,"2.16.840.1.113883.4.642.3.514",ServiceProvisionConditions,ServiceProvisionConditions,"The code(s) that detail the conditions under which the healthcare service is available/offered.","StructureDefinition/ng-healthcare-service","THO"
http://hl7.org/fhir/ValueSet/service-referral-method,4.0.1,draft,"2.16.840.1.113883.4.642.3.510",ReferralMethod,ReferralMethod,"The methods of referral can be used when referring to a specific HealthCareService resource.","StructureDefinition/ng-healthcare-service","THO"
http://hl7.org/fhir/ValueSet/service-type,4.0.1,draft,"2.16.840.1.113883.4.642.3.518",ServiceType,Service type,"This value set defines an example set of codes of service-types.","StructureDefinition/ng-healthcare-service,StructureDefinition/ng-encounter,StructureDefinition/ng-appointment","THO"
http://hl7.org/fhir/ValueSet/service-uscls,4.0.1,draft,"2.16.840.1.113883.4.642.3.542",USCLSCodes,USCLS Codes,"This value set includes a smattering of USCLS codes.","StructureDefinition/ng-claim-response,StructureDefinition/ng-coverage-eligibility-request,StructureDefinition/ng-claim,StructureDefinition/ng-coverage-eligibility-response,StructureDefinition/ng-explanation-of-benefit","THO"
http://hl7.org/fhir/ValueSet/servicerequest-category,4.0.1,draft,"2.16.840.1.113883.4.642.3.434",ServiceRequestCategoryCodes,Service Request Category Codes,"An example value set of SNOMED CT concepts that can classify a requested service","StructureDefinition/ng-service-request","SCT"
http://hl7.org/fhir/ValueSet/servicerequest-orderdetail,4.0.1,draft,"2.16.840.1.113883.4.642.3.435",ServiceRequestOrderDetailsCodes,Service Request Order Details Codes,"An example value set of Codified order entry details concepts.  These concepts only make sense in the context of what is being ordered.  This example is for a patient ventilation order","StructureDefinition/ng-service-request","SCT"
http://hl7.org/fhir/ValueSet/specimen-container-type,4.0.1,draft,"2.16.840.1.113883.4.642.3.470",SpecimenContainerType,Specimen Container Type,"Checks on the patient prior specimen collection. All SNOMED CT concepts descendants of 706041008 |Device for body fluid and tissue collection/transfer/processing (physical object)|","StructureDefinition/ng-specimen","SCT"
http://hl7.org/fhir/ValueSet/specimen-processing-procedure,4.0.1,draft,"2.16.840.1.113883.4.642.3.469",SpecimenProcessingProcedure,Specimen processing procedure,"The technique that is used to perform the process or preserve the specimen.","StructureDefinition/ng-specimen","THO (V2)"
http://hl7.org/fhir/ValueSet/specimen-status,4.0.1,draft,"2.16.840.1.113883.4.642.3.471",SpecimenStatus,SpecimenStatus,"Codes providing the status/availability of a specimen.","StructureDefinition/ng-specimen","hl7.fhir.r4.core"
http://hl7.org/fhir/ValueSet/subject-type,4.0.1,draft,"2.16.840.1.113883.4.642.3.775",SubjectType,Subject type,"Possible types of subjects.","StructureDefinition/ng-measure","hl7.fhir.r4.core"
http://hl7.org/fhir/ValueSet/subscriber-relationship,4.0.1,draft,"2.16.840.1.113883.4.642.3.1385",SubscriberRelationshipCodes,SubscriberPolicyholder Relationship Codes,"This value set includes codes for the relationship between the Subscriber and the Beneficiary (insured/covered party/patient).","StructureDefinition/ng-coverage","THO"
http://hl7.org/fhir/ValueSet/substance-code,4.0.1,draft,"2.16.840.1.113883.4.642.3.473",SubstanceCode,Substance Code,"This value set contains concept codes for specific substances. It includes codes from [SNOMED](http://snomed.info/sct) where concept is-a 105590001 (Substance (substance)) and where concept is-a 373873005 (Pharmaceutical / biologic product (product))","StructureDefinition/ng-allergy-intolerance","SCT"
http://hl7.org/fhir/ValueSet/surface,4.0.1,draft,"2.16.840.1.113883.4.642.3.546",SurfaceCodes,Surface Codes,"This value set includes a smattering of FDI tooth surface codes.","StructureDefinition/ng-claim-response,StructureDefinition/ng-claim,StructureDefinition/ng-explanation-of-benefit","THO"
http://hl7.org/fhir/ValueSet/task-code,4.0.1,active,"2.16.840.1.113883.4.642.3.1396",TaskCode,Task Codes,"Codes indicating the type of action that is expected to be performed","StructureDefinition/ng-task","hl7.fhir.r4.core"
http://hl7.org/fhir/ValueSet/task-intent,4.0.1,draft,"2.16.840.1.113883.4.642.3.1240",TaskIntent,TaskIntent,"Distinguishes whether the task is a proposal, plan or full order.","StructureDefinition/ng-task","hl7.fhir.r4.core"
http://hl7.org/fhir/ValueSet/task-status,4.0.1,draft,"2.16.840.1.113883.4.642.3.790",TaskStatus,TaskStatus,"The current status of the task.","StructureDefinition/ng-task","hl7.fhir.r4.core"
http://hl7.org/fhir/ValueSet/tooth,4.0.1,draft,"2.16.840.1.113883.4.642.3.540",OralSiteCodes,Oral Site Codes,"This value set includes a smattering of FDI oral site codes.","StructureDefinition/ng-claim-response,StructureDefinition/ng-claim,StructureDefinition/ng-explanation-of-benefit","THO"
http://hl7.org/fhir/ValueSet/udi-entry-type,4.0.1,draft,"2.16.840.1.113883.4.642.3.211",UDIEntryType,UDIEntryType,"Codes to identify how UDI data was entered.","StructureDefinition/ng-device","hl7.fhir.r4.core"
http://hl7.org/fhir/ValueSet/units-of-time,4.0.1,active,"2.16.840.1.113883.4.642.3.77",UnitsOfTime,UnitsOfTime,"A unit of time (units from UCUM).","StructureDefinition/NgHivArtRegister,StructureDefinition/NgHivEacRegister,StructureDefinition/NgHivIntLabMonitoringRegister","UCUM"
http://hl7.org/fhir/ValueSet/vaccine-code,4.0.1,active,"2.16.840.1.113883.3.88.12.80.22",VaccineAdministeredValueSet,Vaccine Administered Value Set,"This identifies the vaccine substance administered - CVX codes.","StructureDefinition/ng-immunization-recommendation","hl7.terminology.r4,Other"
http://terminology.hl7.org/ValueSet/v2-0092,3.0.0,active,"2.16.840.1.113883.21.40",Hl7VSReAdmissionIndicator,hl7VS-re-admissionIndicator,"Value Set of codes which are used to specify that a patient is being re-admitted to a healthcare facility from which they were discharged, and indicates the circumstances around such re-admission.","StructureDefinition/ng-encounter","THO (V2)"
http://terminology.hl7.org/ValueSet/v2-0116,3.0.0,active,"2.16.840.1.113883.21.51",Hl7VSBedStatus,hl7VS-bedStatus,"Value Set of codes that specify the state of a bed in an inpatient setting, and is used to determine if a patient may be assigned to it or not.","StructureDefinition/ng-location","THO (V2)"
http://terminology.hl7.org/ValueSet/v2-0276,3.0.0,active,"2.16.840.1.113883.21.181",Hl7VSAppointmentReasonCodes,hl7VS-appointmentReasonCodes,"Value Set of codes that describe the kind of appointment or the reason why an appointment has been scheduled.","StructureDefinition/ng-appointment","THO (V2)"
http://terminology.hl7.org/ValueSet/v2-0371,3.0.0,active,"2.16.840.1.113883.21.245",Hl7VSAdditivePreservative,hl7VS-additivePreservative,"Concepts specifying any additive introduced to the specimen before or at the time of collection.  These additives may be introduced in order to preserve, maintain or enhance the particular nature or component of the specimen.  Used in Version 2 messaging in the SPM segment.","StructureDefinition/ng-specimen","THO (V2)"
http://terminology.hl7.org/ValueSet/v2-0493,3.0.0,active,"2.16.840.1.113883.21.333",Hl7VSSpecimenCondition,hl7VS-specimenCondition,"Concepts of modes or states of being that describe the nature of a specimen.  Used in Version 2 messaging in the SPM segment.","StructureDefinition/ng-specimen","THO (V2)"
http://terminology.hl7.org/ValueSet/v2-0916,3.0.0,active,"2.16.840.1.113883.21.440",Hl7VSRelevantClincialInformation,hl7VS-relevantClincialInformation,"Value Set of codes that specify additional clinical information about the patient or specimen to report the supporting and/or suspected diagnosis and clinical findings on requests for interpreted diagnostic studies.","StructureDefinition/ng-specimen","THO (V2)"
http://terminology.hl7.org/ValueSet/v2-2.7-0360,0360,active,,v2.0360.2.7,v2 table 0360, Version 2.7,"FHIR Value set/code system definition for HL7 v2 table 0360 ver 2.9 ( Degree/License/Certificate)","StructureDefinition/ng-practitioner","THO (V2)"
http://terminology.hl7.org/ValueSet/v3-ActCode,3.0.0,active,,ActCode,v3 Code System ActCode,"A code specifying the particular kind of Act that the Act-instance represents within its class.  Constraints:  The kind of Act (e.g. physical examination, serum potassium, inpatient encounter, charge financial transaction, etc.) is specified with a code from one of several, typically external, coding systems.  The coding system will depend on the class of Act, such as LOINC for observations, etc. Conceptually, the Act.code must be a specialization of the Act.classCode. This is why the structure of ActClass domain should be reflected in the superstructure of the ActCode domain and then individual codes or externally referenced vocabularies subordinated under these domains that reflect the ActClass structure. Act.classCode and Act.code are not modifiers of each other but the Act.code concept should really imply the Act.classCode concept. For a negative example, it is not appropriate to use an Act.code ""potassium"" together with and Act.classCode for ""laboratory observation"" to somehow mean ""potassium laboratory observation"" and then use the same Act.code for ""potassium"" together with Act.classCode for ""medication"" to mean ""substitution of potassium"". This mutually modifying use of Act.code and Act.classCode is not permitted.","StructureDefinition/ng-ips-composition,StructureDefinition/ng-documents","THO (V3)"
http://terminology.hl7.org/ValueSet/v3-ActEncounterCode,3.0.0,active,"2.16.840.1.113883.1.11.13955",ActEncounterCode,ActEncounterCode,"Domain provides codes that qualify the ActEncounterClass (ENC)","StructureDefinition/ng-encounter","THO (V3)"
http://terminology.hl7.org/ValueSet/v3-ActIncidentCode,3.0.0,active,"2.16.840.1.113883.1.11.16508",ActIncidentCode,ActIncidentCode,"Set of codes indicating the type of incident or accident.","StructureDefinition/ng-claim,StructureDefinition/ng-explanation-of-benefit","THO (V3)"
http://terminology.hl7.org/ValueSet/v3-ActPharmacySupplyType,3.0.0,active,"2.16.840.1.113883.1.11.16208",ActPharmacySupplyType,ActPharmacySupplyType,"Identifies types of dispensing events","StructureDefinition/ng-medication-dispense","THO (V3)"
http://terminology.hl7.org/ValueSet/v3-ActPriority,3.0.0,active,"2.16.840.1.113883.1.11.16866",ActPriority,ActPriority,"A code or set of codes (e.g., for routine, emergency,) specifying the urgency under which the Act happened, can happen, is happening, is intended to happen, or is requested/demanded to happen.    *Discussion:* This attribute is used in orders to indicate the ordered priority, and in event documentation it indicates the actual priority used to perform the act. In definition mood it indicates the available priorities.","StructureDefinition/ng-encounter","THO (V3)"
http://terminology.hl7.org/ValueSet/v3-ActSubstanceAdminSubstitutionCode,3.0.0,active,"2.16.840.1.113883.1.11.16621",ActSubstanceAdminSubstitutionCode,ActSubstanceAdminSubstitutionCode,"***No description***","StructureDefinition/ng-medication-dispense,StructureDefinition/ng-medication-request","THO (V3)"
http://terminology.hl7.org/ValueSet/v3-ConfidentialityClassification,2014-03-26,active,"2.16.840.1.113883.1.11.10228",v3.ConfidentialityClassification,V3 Value SetConfidentialityClassification," Set of codes used to value Act.Confidentiality and Role.Confidentiality attribute in accordance with the definition for concept domain ""Confidentiality"".","StructureDefinition/ng-ips-composition","THO (V3)"
http://terminology.hl7.org/ValueSet/v3-ParticipationMode,3.0.0,active,"2.16.840.1.113883.1.11.16543",ParticipationMode,ParticipationMode,"Identifies the primary means by which an Entity participates in an Act.","StructureDefinition/ng-communication","THO (V3)"
http://terminology.hl7.org/ValueSet/v3-PurposeOfUse,3.1.0,active,"2.16.840.1.113883.1.11.20448",PurposeOfUse,PurposeOfUse,"Supports communication of purpose of use at a general level.","StructureDefinition/ng-provenance,StructureDefinition/ng-consent","THO (V3)"
http://terminology.hl7.org/ValueSet/v3-ServiceDeliveryLocationRoleType,3.0.0,active,"2.16.840.1.113883.1.11.17660",ServiceDeliveryLocationRoleType,ServiceDeliveryLocationRoleType,"A role of a place that further classifies the setting (e.g., accident site, road side, work site, community location) in which services are delivered.","StructureDefinition/ng-service-request","THO (V3)"
http://terminology.hl7.org/ValueSet/v3-SubstanceAdminSubstitutionReason,3.0.0,active,"2.16.840.1.113883.1.11.19377",SubstanceAdminSubstitutionReason,SubstanceAdminSubstitutionReason,"***No description***","StructureDefinition/ng-medication-dispense,StructureDefinition/ng-medication-request","THO (V3)"
https://fhir-ig.digitalhealth.gov.ng/ValueSet/ng-aefi-manifestation,0.0.0,draft,"2.16.840.1.113884.3.9944.1.48.1",NGAEFIManifestationVS,Nigeria AEFI Manifestations,"Clinical signs, symptoms, and manifestations associated with adverse events following immunization.",,
https://fhir-ig.digitalhealth.gov.ng/ValueSet/ng-aefi-treatment-type-vs,0.0.0,draft,"2.16.840.1.113884.3.9944.1.48.2",NGAEFITreatmentTypeVS,Nigeria AEFI Treatments,"Treatments and interventions used in managing adverse events following immunization.",,
https://fhir-ig.digitalhealth.gov.ng/ValueSet/ng-aefi-treatment-vs,0.0.0,draft,"2.16.840.1.113884.3.9944.1.48.3",NgAEFITreatmentVS,Nigeria AEFI Treatments,"Treatments and interventions used in managing adverse events following immunization.",,
https://fhir-ig.digitalhealth.gov.ng/ValueSet/ng-alert-category-vs,0.0.0,active,"2.16.840.1.113884.3.9944.1.48.4",NgAlertCategoryVS,Nigeria Alert Category Value Set,"Categories for alerts represented using the Nigeria Alert Flag profile.","StructureDefinition/ng-flag","Internal"
https://fhir-ig.digitalhealth.gov.ng/ValueSet/ng-alert-code-vs,0.0.0,active,"2.16.840.1.113884.3.9944.1.48.5",NgAlertCodeVS,Nigeria Alert Code Value Set,"Common coded alert messages for the Nigeria Alert Flag profile.","StructureDefinition/ng-flag","Internal"
https://fhir-ig.digitalhealth.gov.ng/ValueSet/ng-atc-all-medications-vs,0.0.0,active,"2.16.840.1.113884.3.9944.1.48.6",NgATCAllMedicationsVS,NG Local ATC — All Medications,"All local ATC-style medication codes used across MNCH referral, claims, prescription, and immunization.",,"Internal"
https://fhir-ig.digitalhealth.gov.ng/ValueSet/ng-body-site-vs,0.0.0,active,"2.16.840.1.113884.3.9944.1.48.7",NgBodySiteVS,Body Site - IPS,"IPS body site value set. This value set includes a set of codes from SNOMED CT that may be used to represent body sites (e.g., for laboratory specimen collection). This value set includes codes from SNOMED CT®: all descendants of 442083009 \|Anatomical or acquired body structure (body structure)\|  SNOMED CT® ECL definition:\ < 442083009 \|Anatomical or acquired body structure (body structure)\|","StructureDefinition/ng-specimen","SCT"
https://fhir-ig.digitalhealth.gov.ng/ValueSet/ng-bundle-identifier-vs,0.0.0,active,"2.16.840.1.113884.3.9944.1.48.8",NgBundleIdentifierVS,NG Bundle Identifier Codes,"ValueSet including all local bundle identifier codes for use cases.",,"Internal"
https://fhir-ig.digitalhealth.gov.ng/ValueSet/ng-careplan-activity-vs,0.0.0,active,"2.16.840.1.113884.3.9944.1.48.9",NgCareplanActivityVS,NG CarePlan Activity VS,"ValueSet for CarePlan.activity.detail.code (demo).","StructureDefinition/ng-care-plan","Internal"
https://fhir-ig.digitalhealth.gov.ng/ValueSet/ng-careplan-category-vs,0.0.0,active,"2.16.840.1.113884.3.9944.1.48.10",NgCareplanCategoryVS,NG CarePlan Category VS,"ValueSet for CarePlan.category (demo).","StructureDefinition/ng-care-plan","Internal"
https://fhir-ig.digitalhealth.gov.ng/ValueSet/ng-client-identifier-vs,0.0.0,active,"2.16.840.1.113884.3.9944.1.48.12",NgClientIdentifierVS,NG Client Identifier VS,"This ValueSet defines list of options for uniquely Identifting a Client","StructureDefinition/ng-patient","Internal"
https://fhir-ig.digitalhealth.gov.ng/ValueSet/ng-current-smoking-status-vs,0.0.0,active,"2.16.840.1.113884.3.9944.1.48.13",NgCurrentSmokingStatusVS,NG Current Smoking Status,"ValueSet for smoking status.  This value set includes a set of specific SNOMED CT codes (no subtypes included) that may be used to represent smoking status.","StructureDefinition/ng-observation-tobacco-use","SCT"
https://fhir-ig.digitalhealth.gov.ng/ValueSet/ng-defaulter-follow-up-method,0.0.0,draft,"2.16.840.1.113884.3.9944.1.48.14",NGDefaulterFollowUpMethodVS,Nigeria Defaulter Follow-up Methods,"Methods used to contact or trace immunization defaulters.",,
https://fhir-ig.digitalhealth.gov.ng/ValueSet/ng-defaulter-follow-up-outcome,0.0.0,draft,"2.16.840.1.113884.3.9944.1.48.15",NGDefaulterFollowUpOutcomeVS,Nigeria Defaulter Follow-up Outcomes,"Outcomes of immunization defaulter follow-up activities.",,
https://fhir-ig.digitalhealth.gov.ng/ValueSet/ng-defaulter-tracking-status,0.0.0,draft,"2.16.840.1.113884.3.9944.1.48.16",NGDefaulterTrackingStatusVS,Nigeria Defaulter Tracking Status,"Statuses used to manage clients identified as immunization defaulters.",,
https://fhir-ig.digitalhealth.gov.ng/ValueSet/ng-device-identifier-vs,0.0.0,active,"2.16.840.1.113884.3.9944.1.48.17",NgDeviceIdentifierVS,NG Electromechanical Medical Device Identifier VS,"ValueSet selecting the 50 hypothetical electromechanical medical device identifiers (leaf concepts only) from NgDeviceIdentifierCS. Excludes category/group nodes.",,"Internal"
https://fhir-ig.digitalhealth.gov.ng/ValueSet/ng-diagnostics-report-status-vs,0.0.0,active,"2.16.840.1.113884.3.9944.1.48.18",NgDiagnosticReportStatusVS,Diagnostics Report Status Codes - IPS,"IPS Diagnostic Report status codes allowable for diagnostics reports.  This value set includes all status codes except \""entered-in-error\"" from http://hl7.org/fhir/diagnostic-report-status.","StructureDefinition/ng-diagnostic-report","hl7.fhir.r4.core"
https://fhir-ig.digitalhealth.gov.ng/ValueSet/ng-facility-identifier-vs,0.0.0,active,"2.16.840.1.113884.3.9944.1.48.19",NgFacilityIdentifierVS,NG Clinical Status VS,"The outcome of the reaction",,"Internal"
https://fhir-ig.digitalhealth.gov.ng/ValueSet/ng-facility-type-vs,0.0.0,active,"2.16.840.1.113884.3.9944.1.48.20",NgFacilityTypeVS,NG HealthFacility Type VS,"Classification of Nigerian health facilities","StructureDefinition/ng-location,Questionnaire/ng-imm-facility-registration-form","Internal"
https://fhir-ig.digitalhealth.gov.ng/ValueSet/ng-gender-vs,0.0.0,active,"2.16.840.1.113884.3.9944.1.48.22",NgGenderVS,NG Gender or Sex VS,"A subset of the administrative gender codes including only 'male' and 'female'","StructureDefinition/ng-related-person,Questionnaire/ng-hiv-int-lab-form-questionnaire,StructureDefinition/ng-patient,Questionnaire/ng-imm-client-registration-form,StructureDefinition/NgHivArtRegister,StructureDefinition/NgHivPharmacyDailyWorksheet,Questionnaire/ng-hiv-eac-form-questionnaire,StructureDefinition/NgHivEacRegister,Questionnaire/ng-hiv-transfer-form-questionnaire,StructureDefinition/NgHivIntLabMonitoringRegister,Questionnaire/ng-hiv-pharmacy-order-questionnaire,StructureDefinition/NgHivTrackingRegister","hl7.fhir.r4.core"
https://fhir-ig.digitalhealth.gov.ng/ValueSet/ng-hiv-adult-art-medication-vs,0.0.0,draft,"2.16.840.1.113884.3.9944.1.48.23",NgHivAdultArtMedicationVS,NG HIV Adult ART Medications,"Adult ART medicine products and strengths listed on the Nigeria Combined Pharmacy Order Form.","Questionnaire/ng-hiv-pharmacy-order-questionnaire","Internal"
https://fhir-ig.digitalhealth.gov.ng/ValueSet/ng-hiv-art-follow-up-status-vs,0.0.0,active,"2.16.840.1.113884.3.9944.1.48.25",NgHivARTFollowUpStatusVS,NG HIV Follow Up Status ValueSet,"FollowUp Status",,"Internal,LOINC"
https://fhir-ig.digitalhealth.gov.ng/ValueSet/ng-hiv-art-monthly-age-group-vs,0.0.0,draft,"2.16.840.1.113884.3.9944.1.48.26",NgHivArtMonthlyAgeGroupVS,NG HIV ART Monthly Age Groups,"Age groups used for ART1-ART4.",,"Internal"
https://fhir-ig.digitalhealth.gov.ng/ValueSet/ng-hiv-art-monthly-ahd-category-vs,0.0.0,draft,"2.16.840.1.113884.3.9944.1.48.27",NgHivArtMonthlyAhdCategoryVS,NG HIV ART Monthly AHD Categories,"AHD program categories used as subsets of ART19 and ART20.",,"Internal"
https://fhir-ig.digitalhealth.gov.ng/ValueSet/ng-hiv-art-monthly-cervical-age-group-vs,0.0.0,draft,"2.16.840.1.113884.3.9944.1.48.28",NgHivArtMonthlyCervicalAgeGroupVS,NG HIV ART Monthly Cervical Screening Age Groups,"Age groups used for cervical screening and treatment.",,"Internal"
https://fhir-ig.digitalhealth.gov.ng/ValueSet/ng-hiv-art-monthly-cervical-screening-result-vs,0.0.0,draft,"2.16.840.1.113884.3.9944.1.48.29",NgHivArtMonthlyCervicalScreeningResultVS,NG HIV ART Monthly Cervical Screening Results,"Cervical screening result categories used under ART23.",,"Internal"
https://fhir-ig.digitalhealth.gov.ng/ValueSet/ng-hiv-art-monthly-cervical-screening-timing-vs,0.0.0,draft,"2.16.840.1.113884.3.9944.1.48.30",NgHivArtMonthlyCervicalScreeningTimingVS,NG HIV ART Monthly Cervical Screening Timing,"Timing categories used under ART23.",,"Internal"
https://fhir-ig.digitalhealth.gov.ng/ValueSet/ng-hiv-art-monthly-cervical-treatment-type-vs,0.0.0,draft,"2.16.840.1.113884.3.9944.1.48.31",NgHivArtMonthlyCervicalTreatmentTypeVS,NG HIV ART Monthly Cervical Treatment Types,"Treatment categories used under ART24.",,"Internal"
https://fhir-ig.digitalhealth.gov.ng/ValueSet/ng-hiv-art-monthly-cm-result-vs,0.0.0,draft,"2.16.840.1.113884.3.9944.1.48.32",NgHivArtMonthlyCmResultVS,NG HIV ART Monthly Cryptococcal Meningitis Results,"Lumbar-puncture screening result categories used under ART21.",,"Internal"
https://fhir-ig.digitalhealth.gov.ng/ValueSet/ng-hiv-art-monthly-crag-age-group-vs,0.0.0,draft,"2.16.840.1.113884.3.9944.1.48.33",NgHivArtMonthlyCragAgeGroupVS,NG HIV ART Monthly CrAg Age Groups,"Age groups printed for the serum CrAg section.",,"Internal"
https://fhir-ig.digitalhealth.gov.ng/ValueSet/ng-hiv-art-monthly-crag-result-vs,0.0.0,draft,"2.16.840.1.113884.3.9944.1.48.34",NgHivArtMonthlyCragResultVS,NG HIV ART Monthly Serum CrAg Results,"Serum CrAg result categories used under ART20.",,"Internal"
https://fhir-ig.digitalhealth.gov.ng/ValueSet/ng-hiv-art-monthly-indicator-vs,0.0.0,active,"2.16.840.1.113884.3.9944.1.48.35",NgHivArtMonthlyIndicatorVS,NG HIV ART Monthly Summary Indicators,"The 24 ART monthly summary indicators.",,"Internal"
https://fhir-ig.digitalhealth.gov.ng/ValueSet/ng-hiv-art-monthly-interruption-outcome-vs,0.0.0,draft,"2.16.840.1.113884.3.9944.1.48.36",NgHivArtMonthlyInterruptionOutcomeVS,NG HIV ART Monthly Interruption Outcomes,"Tracking outcomes used to disaggregate ART5.",,"Internal"
https://fhir-ig.digitalhealth.gov.ng/ValueSet/ng-hiv-art-monthly-mmd-duration-vs,0.0.0,draft,"2.16.840.1.113884.3.9944.1.48.37",NgHivArtMonthlyMmdDurationVS,NG HIV ART Monthly MMD Duration,"Multi-month dispensing duration bands.",,"Internal"
https://fhir-ig.digitalhealth.gov.ng/ValueSet/ng-hiv-art-monthly-tb-ahd-age-group-vs,0.0.0,draft,"2.16.840.1.113884.3.9944.1.48.38",NgHivArtMonthlyTbAhdAgeGroupVS,NG HIV ART Monthly TB and AHD Age Groups,"Age groups used in the HIV/TB and general AHD sections.",,"Internal"
https://fhir-ig.digitalhealth.gov.ng/ValueSet/ng-hiv-art-register-cervical-status-vs,0.0.0,draft,"2.16.840.1.113884.3.9944.1.48.39",NgHivArtRegisterCervicalStatusVS,NG HIV ART Register Cervical Cancer Screening Status,"Cervical-cancer screening workflow statuses permitted in column A27 of the National ART Register.","StructureDefinition/NgHivArtRegister","Internal"
https://fhir-ig.digitalhealth.gov.ng/ValueSet/ng-hiv-art-register-cryptococcal-status-vs,0.0.0,draft,"2.16.840.1.113884.3.9944.1.48.40",NgHivArtRegisterCryptococcalStatusVS,NG HIV ART Register Cryptococcal Status,"Cryptococcal statuses permitted in column A25 of the National ART Register.","StructureDefinition/NgHivArtRegister","Internal"
https://fhir-ig.digitalhealth.gov.ng/ValueSet/ng-hiv-art-register-dsd-status-vs,0.0.0,draft,"2.16.840.1.113884.3.9944.1.48.41",NgHivArtRegisterDsdStatusVS,NG HIV ART Register DSD Status,"Differentiated-service-delivery statuses permitted in column A33 of the National ART Register.","StructureDefinition/NgHivArtRegister","Internal"
https://fhir-ig.digitalhealth.gov.ng/ValueSet/ng-hiv-art-register-hepatitis-status-vs,0.0.0,draft,"2.16.840.1.113884.3.9944.1.48.42",NgHivArtRegisterHepatitisStatusVS,NG HIV ART Register Hepatitis Screening Status,"Hepatitis screening and treatment statuses permitted in column A28 of the National ART Register.","StructureDefinition/NgHivArtRegister","Internal"
https://fhir-ig.digitalhealth.gov.ng/ValueSet/ng-hiv-art-register-outcome-vs,0.0.0,draft,"2.16.840.1.113884.3.9944.1.48.43",NgHivArtRegisterOutcomeVS,NG HIV ART Register Six-Month Outcomes,"Subset of the existing HIV ART follow-up statuses used in column A35 of the National ART Register.","StructureDefinition/NgHivArtRegister","Internal"
https://fhir-ig.digitalhealth.gov.ng/ValueSet/ng-hiv-art-register-regimen-vs,0.0.0,draft,"2.16.840.1.113884.3.9944.1.48.44",NgHivArtRegisterRegimenVS,NG HIV ART Register Regimens,"ART regimen codes permitted in columns A30 and A32 of the National ART Register.","StructureDefinition/NgHivArtRegister,StructureDefinition/NgHivPharmacyDailyWorksheet,StructureDefinition/NgHivEacRegister,StructureDefinition/NgHivTrackingRegister","Internal"
https://fhir-ig.digitalhealth.gov.ng/ValueSet/ng-hiv-art-register-tb-status-vs,0.0.0,draft,"2.16.840.1.113884.3.9944.1.48.45",NgHivArtRegisterTbStatusVS,NG HIV ART Register TB Status,"TB statuses permitted in column A20 of the National ART Register.","StructureDefinition/NgHivArtRegister","Internal"
https://fhir-ig.digitalhealth.gov.ng/ValueSet/ng-hiv-art-register-tpt-outcome-vs,0.0.0,draft,"2.16.840.1.113884.3.9944.1.48.46",NgHivArtRegisterTptOutcomeVS,NG HIV ART Register TPT Outcome,"TB preventive-therapy outcomes permitted in column A22 of the National ART Register.","StructureDefinition/NgHivArtRegister","Internal"
https://fhir-ig.digitalhealth.gov.ng/ValueSet/ng-hiv-art-stop-reason-vs,0.0.0,draft,"2.16.840.1.113884.3.9944.1.48.47",NgHivArtStopReasonVS,NG HIV ART Stop Reason,"Reasons for stopping or interrupting ART used on the Nigeria HIV Care/ART Card.","Questionnaire/ng-hiv-care-art-questionnaire","Internal"
https://fhir-ig.digitalhealth.gov.ng/ValueSet/ng-hiv-arv-adherence-vs,0.0.0,active,"2.16.840.1.113884.3.9944.1.48.48",NgHivARVAdherenceVS,NG HIV-ARV Adherence ValueSet,"ARV Adherence",,"SCT,Internal"
https://fhir-ig.digitalhealth.gov.ng/ValueSet/ng-hiv-arv-treatment-vs,0.0.0,active,"2.16.840.1.113884.3.9944.1.48.52",NgHivARVTreatmentVS,NG HIV - ARV Drugs,"A list of codes describing the ARV Drugs.","Questionnaire/ng-hiv-transfer-form-questionnaire","SCT,Internal"
https://fhir-ig.digitalhealth.gov.ng/ValueSet/ng-hiv-care-entry-point-vs,0.0.0,draft,"2.16.840.1.113884.3.9944.1.48.53",NgHivCareEntryPointVS,NG HIV Care Entry Point,"Care-entry-point codes used on the Nigeria HIV Care/ART Card.","StructureDefinition/NgHivArtRegister,StructureDefinition/NgHivIntLabMonitoringRegister,Questionnaire/ng-hiv-care-art-questionnaire","Internal"
https://fhir-ig.digitalhealth.gov.ng/ValueSet/ng-hiv-cause-of-death-vs,0.0.0,draft,"2.16.840.1.113884.3.9944.1.48.54",NgHivCauseOfDeathVS,NG HIV Cause of Death,"Cause-of-death categories used on the Nigeria HIV Care/ART Card.","Questionnaire/ng-hiv-care-art-questionnaire","Internal"
https://fhir-ig.digitalhealth.gov.ng/ValueSet/ng-hiv-cd4-reference-vs,0.0.0,draft,"2.16.840.1.113884.3.9944.1.48.55",NgHivCd4ReferenceVS,NG HIV CD4 Reference,"CD4 threshold categories used on the Nigeria HIV Care/ART Card.","Questionnaire/ng-hiv-int-lab-form-questionnaire,Questionnaire/ng-hiv-care-art-questionnaire","Internal"
https://fhir-ig.digitalhealth.gov.ng/ValueSet/ng-hiv-cervical-cancer-treatment-received-vs,0.0.0,active,"2.16.840.1.113884.3.9944.1.48.61",NgHivCervicalCancerTreatmentReceivedVS,NG HIV-Cervical Cancer Treatment Received,"Cervical Cancer Treatment Received","StructureDefinition/NgHivArtRegister","Internal,LOINC"
https://fhir-ig.digitalhealth.gov.ng/ValueSet/ng-hiv-diagnosis-concepts-vs,0.0.0,active,"2.16.840.1.113884.3.9944.1.48.215",NgHivDiagnosisConceptsVS,Nigeria HIV Diagnosis Concepts,"Explicit Nigeria HIV local diagnoses used for ICD-11 classification mapping.","ConceptMap/NgHivDiagnosisToICD11","Internal"
https://fhir-ig.digitalhealth.gov.ng/ValueSet/ng-hiv-diagnosis-icd11-concepts-vs,0.0.0,active,"2.16.840.1.113884.3.9944.1.48.216",NgHivDiagnosisICD11ConceptsVS,Nigeria HIV ICD-11 Diagnosis Concepts,"ICD-11 MMS target concepts used by the Nigeria HIV diagnosis ConceptMap.","ConceptMap/NgHivDiagnosisToICD11","hl7.terminology.r4"
https://fhir-ig.digitalhealth.gov.ng/ValueSet/ng-hiv-drug-resistance-result-vs,0.0.0,draft,"2.16.840.1.113884.3.9944.1.48.63",NgHivDrugResistanceResultVS,NG HIV Drug Resistance Result,"Drug-resistance result codes used on the Nigeria HIV Care/ART Card.","Questionnaire/ng-hiv-care-art-questionnaire","Internal"
https://fhir-ig.digitalhealth.gov.ng/ValueSet/ng-hiv-eac-adherence-vs,0.0.0,draft,"2.16.840.1.113884.3.9944.1.48.67",NgHivEacAdherenceVS,NG HIV EAC Adherence,"Adherence ratings recorded during an Enhanced Adherence Counselling session.","Questionnaire/ng-hiv-eac-form-questionnaire,Questionnaire/ng-hiv-transfer-form-questionnaire","Internal"
https://fhir-ig.digitalhealth.gov.ng/ValueSet/ng-hiv-eac-barriers-vs,0.0.0,draft,"2.16.840.1.113884.3.9944.1.48.68",NgHivEacBarriersVS,NG HIV EAC Adherence Barriers,"Barriers to ART adherence recorded during Enhanced Adherence Counselling.","Questionnaire/ng-hiv-eac-form-questionnaire","Internal"
https://fhir-ig.digitalhealth.gov.ng/ValueSet/ng-hiv-eac-given-vs,0.0.0,active,"2.16.840.1.113884.3.9944.1.48.69",NgHivEACGivenVS,NG HIV EAC Given,"Codes used for representing the EAC given.","Questionnaire/ng-hiv-eac-form-questionnaire,StructureDefinition/NgHivEacRegister,Questionnaire/ng-hiv-pharmacy-order-questionnaire","Internal"
https://fhir-ig.digitalhealth.gov.ng/ValueSet/ng-hiv-eac-intervention-services-vs,0.0.0,draft,"2.16.840.1.113884.3.9944.1.48.70",NgHivEacInterventionServicesVS,NG HIV EAC Intervention Services,"Services delivered to address barriers identified during Enhanced Adherence Counselling.","Questionnaire/ng-hiv-eac-form-questionnaire","Internal"
https://fhir-ig.digitalhealth.gov.ng/ValueSet/ng-hiv-eac-intervention-tools-vs,0.0.0,draft,"2.16.840.1.113884.3.9944.1.48.71",NgHivEacInterventionToolsVS,NG HIV EAC Intervention Tools,"Tools used to support ART adherence during Enhanced Adherence Counselling.","Questionnaire/ng-hiv-eac-form-questionnaire","Internal"
https://fhir-ig.digitalhealth.gov.ng/ValueSet/ng-hiv-eac-register-virologic-failure-cause-vs,0.0.0,draft,"2.16.840.1.113884.3.9944.1.48.72",NgHivEacRegisterVirologicFailureCauseVS,NG HIV EAC Register Suspected Causes of Virologic Failure,"Suspected virologic-failure causes permitted in column A19 of the EAC Monitoring Register.","StructureDefinition/NgHivEacRegister","Internal"
https://fhir-ig.digitalhealth.gov.ng/ValueSet/ng-hiv-educational-status-vs,0.0.0,draft,"2.16.840.1.113884.3.9944.1.48.74",NgHivEducationalStatusVS,NG HIV Educational Status,"Educational-status codes used on the Nigeria HIV Care/ART Card.","Questionnaire/ng-hiv-care-art-questionnaire","Internal"
https://fhir-ig.digitalhealth.gov.ng/ValueSet/ng-hiv-final-outcome-value-set,0.0.0,draft,"2.16.840.1.113884.3.9944.1.48.78",NgHivFinalOutcomeVS,HIV-Final Outcome ValueSet,"Final Outcome",,"Internal"
https://fhir-ig.digitalhealth.gov.ng/ValueSet/ng-hiv-int-lab-arv-prophylaxis-vs,0.0.0,draft,"2.16.840.1.113884.3.9944.1.48.80",NgHivIntLabArvProphylaxisVS,NG HIV Integrated Laboratory ARV Prophylaxis,"ARV prophylaxis options printed on the integrated laboratory form.","Questionnaire/ng-hiv-int-lab-form-questionnaire","Internal"
https://fhir-ig.digitalhealth.gov.ng/ValueSet/ng-hiv-int-lab-cytology-method-vs,0.0.0,draft,"2.16.840.1.113884.3.9944.1.48.81",NgHivIntLabCytologyMethodVS,NG HIV Integrated Laboratory Cytology Method,"Cervical cytology or screening methods printed on the integrated laboratory form.","Questionnaire/ng-hiv-int-lab-form-questionnaire","Internal"
https://fhir-ig.digitalhealth.gov.ng/ValueSet/ng-hiv-int-lab-eid-age-category-vs,0.0.0,draft,"2.16.840.1.113884.3.9944.1.48.82",NgHivIntLabEidAgeCategoryVS,NG HIV Integrated Laboratory EID Age Category,"Infant age categories printed on the integrated laboratory form.","Questionnaire/ng-hiv-int-lab-form-questionnaire,StructureDefinition/NgHivIntLabMonitoringRegister","Internal"
https://fhir-ig.digitalhealth.gov.ng/ValueSet/ng-hiv-int-lab-eid-indication-vs,0.0.0,draft,"2.16.840.1.113884.3.9944.1.48.83",NgHivIntLabEidIndicationVS,NG HIV Integrated Laboratory EID Indication,"Early-infant-diagnosis indications printed on the integrated laboratory form.","Questionnaire/ng-hiv-int-lab-form-questionnaire","Internal"
https://fhir-ig.digitalhealth.gov.ng/ValueSet/ng-hiv-int-lab-eid-result-vs,0.0.0,draft,"2.16.840.1.113884.3.9944.1.48.84",NgHivIntLabEidResultVS,NG HIV Integrated Laboratory EID Result,"Early-infant-diagnosis result options printed on the integrated laboratory form.","Questionnaire/ng-hiv-int-lab-form-questionnaire,StructureDefinition/NgHivIntLabMonitoringRegister","Internal"
https://fhir-ig.digitalhealth.gov.ng/ValueSet/ng-hiv-int-lab-other-test-vs,0.0.0,draft,"2.16.840.1.113884.3.9944.1.48.85",NgHivIntLabOtherTestVS,NG HIV Integrated Laboratory Other Test,"Other fixed laboratory investigations printed on the integrated laboratory form.","Questionnaire/ng-hiv-int-lab-form-questionnaire,StructureDefinition/NgHivIntLabMonitoringRegister","Internal"
https://fhir-ig.digitalhealth.gov.ng/ValueSet/ng-hiv-int-lab-positive-negative-result-vs,0.0.0,draft,"2.16.840.1.113884.3.9944.1.48.86",NgHivIntLabPositiveNegativeResultVS,NG HIV Integrated Laboratory Positive or Negative Result,"Positive and negative qualitative laboratory results used by the integrated laboratory form.","Questionnaire/ng-hiv-int-lab-form-questionnaire,StructureDefinition/NgHivIntLabMonitoringRegister","Internal"
https://fhir-ig.digitalhealth.gov.ng/ValueSet/ng-hiv-int-lab-reactive-result-vs,0.0.0,draft,"2.16.840.1.113884.3.9944.1.48.87",NgHivIntLabReactiveResultVS,NG HIV Integrated Laboratory Reactive or Non-Reactive Result,"Reactive and non-reactive serology result options printed on the integrated laboratory form.","Questionnaire/ng-hiv-int-lab-form-questionnaire","Internal"
https://fhir-ig.digitalhealth.gov.ng/ValueSet/ng-hiv-int-lab-regimen-line-vs,0.0.0,draft,"2.16.840.1.113884.3.9944.1.48.88",NgHivIntLabRegimenLineVS,NG HIV Integrated Laboratory ART Regimen Line,"ART regimen-line options printed on the integrated laboratory form.","Questionnaire/ng-hiv-int-lab-form-questionnaire,Questionnaire/ng-hiv-transfer-form-questionnaire","Internal"
https://fhir-ig.digitalhealth.gov.ng/ValueSet/ng-hiv-int-lab-register-dsd-status-vs,0.0.0,active,"2.16.840.1.113884.3.9944.1.48.89",NgHivIntLabRegisterDsdStatusVS,NG HIV Integrated Laboratory Register DSD Status,"DSD status codes printed in the Integrated Laboratory Monitoring Register.","StructureDefinition/NgHivIntLabMonitoringRegister","Internal"
https://fhir-ig.digitalhealth.gov.ng/ValueSet/ng-hiv-int-lab-register-mode-of-testing-vs,0.0.0,active,"2.16.840.1.113884.3.9944.1.48.90",NgHivIntLabRegisterModeOfTestingVS,NG HIV Integrated Laboratory Register Mode of Testing,"Testing platforms printed or described for column A22.","StructureDefinition/NgHivIntLabMonitoringRegister","Internal"
https://fhir-ig.digitalhealth.gov.ng/ValueSet/ng-hiv-int-lab-register-monitoring-type-vs,0.0.0,active,"2.16.840.1.113884.3.9944.1.48.91",NgHivIntLabRegisterMonitoringTypeVS,NG HIV Integrated Laboratory Register Monitoring Type,"Routine or targeted viral-load monitoring represented by A43 and A44.","StructureDefinition/NgHivIntLabMonitoringRegister","Internal"
https://fhir-ig.digitalhealth.gov.ng/ValueSet/ng-hiv-int-lab-register-test-vs,0.0.0,active,"2.16.840.1.113884.3.9944.1.48.92",NgHivIntLabRegisterTestVS,NG HIV Integrated Laboratory Register Test Type,"Test types represented by printed columns A16–A21.","StructureDefinition/NgHivIntLabMonitoringRegister","Internal"
https://fhir-ig.digitalhealth.gov.ng/ValueSet/ng-hiv-int-lab-register-viral-load-category-vs,0.0.0,active,"2.16.840.1.113884.3.9944.1.48.93",NgHivIntLabRegisterViralLoadCategoryVS,NG HIV Integrated Laboratory Register Viral-Load Category,"HIV viral-load result categories represented by columns A34–A36.","StructureDefinition/NgHivIntLabMonitoringRegister","Internal"
https://fhir-ig.digitalhealth.gov.ng/ValueSet/ng-hiv-int-lab-register-viral-load-disaggregation-vs,0.0.0,active,"2.16.840.1.113884.3.9944.1.48.94",NgHivIntLabRegisterViralLoadDisaggregationVS,NG HIV Integrated Laboratory Register Viral-Load Disaggregation,"Sex and age-band disaggregation categories represented by columns A52–A67.","StructureDefinition/NgHivIntLabMonitoringRegister","Internal"
https://fhir-ig.digitalhealth.gov.ng/ValueSet/ng-hiv-int-lab-requested-test-type-vs,0.0.0,draft,"2.16.840.1.113884.3.9944.1.48.95",NgHivIntLabRequestedTestTypeVS,NG HIV Integrated Laboratory Requested Test Type,"Top-level test categories selectable on the HIV Integrated Laboratory Order and Result Form.","Questionnaire/ng-hiv-int-lab-form-questionnaire","Internal"
https://fhir-ig.digitalhealth.gov.ng/ValueSet/ng-hiv-int-lab-specimen-type-vs,0.0.0,draft,"2.16.840.1.113884.3.9944.1.48.96",NgHivIntLabSpecimenTypeVS,NG HIV Integrated Laboratory Specimen Type,"Specimen types printed on the integrated laboratory form.","Questionnaire/ng-hiv-int-lab-form-questionnaire","Internal"
https://fhir-ig.digitalhealth.gov.ng/ValueSet/ng-hiv-int-lab-viral-load-indication-vs,0.0.0,draft,"2.16.840.1.113884.3.9944.1.48.97",NgHivIntLabViralLoadIndicationVS,NG HIV Integrated Laboratory Viral-Load Indication,"Viral-load indications printed on the integrated laboratory form.","Questionnaire/ng-hiv-int-lab-form-questionnaire,StructureDefinition/NgHivIntLabMonitoringRegister","Internal"
https://fhir-ig.digitalhealth.gov.ng/ValueSet/ng-hiv-kp-typology-vs,0.0.0,draft,"2.16.840.1.113884.3.9944.1.48.98",NgHivKpTypologyVS,NG HIV Key Population Typology,"Key-population typology codes used on the Nigeria HIV Care/ART Card.","StructureDefinition/NgHivArtRegister,Questionnaire/ng-hiv-care-art-questionnaire","Internal"
https://fhir-ig.digitalhealth.gov.ng/ValueSet/ng-hiv-local-concepts,0.0.0,active,"2.16.840.1.113884.3.9944.1.48.99",NgHivLocalConceptsVS,NG HIV Local Concepts,"Local HIV, TB/HIV, demographic and program concepts referenced by the supplied HIV ConceptMaps. Codes remain in their original local CodeSystems.","ConceptMap/NgHivLocalToWHOHiv,ConceptMap/NgHivLocalToSNOMEDCT,ConceptMap/NgHivLocalToLOINC","Internal"
https://fhir-ig.digitalhealth.gov.ng/ValueSet/ng-hiv-loinc-concepts,0.0.0,active,"2.16.840.1.113884.3.9944.1.48.100",NgHivLOINCConceptsVS,NG HIV LOINC Concepts,"Distinct LOINC concepts referenced by the supplied HIV ConceptMaps. Displays are omitted because authoritative LOINC names were not supplied.","ConceptMap/NgHivLocalToLOINC,ConceptMap/NgHivLOINCToSNOMEDCT","LOINC"
https://fhir-ig.digitalhealth.gov.ng/ValueSet/ng-hiv-marital-status-vs,0.0.0,draft,"2.16.840.1.113884.3.9944.1.48.101",NgHivMaritalStatusVS,NG HIV Marital Status,"Marital-status codes used on the Nigeria HIV Care/ART Card.","Questionnaire/ng-hiv-care-art-questionnaire","Internal"
https://fhir-ig.digitalhealth.gov.ng/ValueSet/ng-hiv-oi-prophylaxis-treatment-medication-vs,0.0.0,draft,"2.16.840.1.113884.3.9944.1.48.103",NgHivOiProphylaxisTreatmentMedicationVS,NG HIV OI Prophylaxis and Treatment Medications,"Medicines for opportunistic-infection prophylaxis or treatment listed on the Nigeria Combined Pharmacy Order Form.","Questionnaire/ng-hiv-pharmacy-order-questionnaire","Internal"
https://fhir-ig.digitalhealth.gov.ng/ValueSet/ng-hiv-paediatric-art-medication-vs,0.0.0,draft,"2.16.840.1.113884.3.9944.1.48.106",NgHivPaediatricArtMedicationVS,NG HIV Paediatric ART Medications,"Paediatric ART medicine products and strengths listed on the Nigeria Combined Pharmacy Order Form.","Questionnaire/ng-hiv-pharmacy-order-questionnaire","Internal"
https://fhir-ig.digitalhealth.gov.ng/ValueSet/ng-hiv-period-of-hiv-exposure-vs,0.0.0,active,"2.16.840.1.113884.3.9944.1.48.110",NgHivPeriodOfHIVExposureVS,Period of HIV Exposure,"Codes used for indicating the period when last the individual was exposed to HIV.",,"Internal"
https://fhir-ig.digitalhealth.gov.ng/ValueSet/ng-hiv-pharmacy-worksheet-arv-prophylaxis-vs,0.0.0,active,"2.16.840.1.113884.3.9944.1.48.111",NgHivPharmacyWorksheetArvProphylaxisVS,NG HIV Pharmacy Worksheet HEI ARV Prophylaxis Regimen,"ARV prophylaxis regimens permitted in W17.","StructureDefinition/NgHivPharmacyDailyWorksheet","Internal"
https://fhir-ig.digitalhealth.gov.ng/ValueSet/ng-hiv-pharmacy-worksheet-dsd-model-vs,0.0.0,active,"2.16.840.1.113884.3.9944.1.48.112",NgHivPharmacyWorksheetDsdModelVS,NG HIV Pharmacy Worksheet DSD Model,"DSD models permitted in W9–W10.","StructureDefinition/NgHivPharmacyDailyWorksheet","Internal"
https://fhir-ig.digitalhealth.gov.ng/ValueSet/ng-hiv-pharmacy-worksheet-medicine-category-vs,0.0.0,active,"2.16.840.1.113884.3.9944.1.48.113",NgHivPharmacyWorksheetMedicineCategoryVS,NG HIV Pharmacy Worksheet Medicine Category,"Medicine categories permitted for a Pharmacy Daily Worksheet dispensing entry.","StructureDefinition/NgHivPharmacyDailyWorksheet","Internal"
https://fhir-ig.digitalhealth.gov.ng/ValueSet/ng-hiv-pharmacy-worksheet-medicine-vs,0.0.0,active,"2.16.840.1.113884.3.9944.1.48.114",NgHivPharmacyWorksheetMedicineVS,NG HIV Pharmacy Daily Worksheet Medicines,"All fixed medicine products represented by columns W24–W71.","StructureDefinition/NgHivPharmacyDailyWorksheet","Internal"
https://fhir-ig.digitalhealth.gov.ng/ValueSet/ng-hiv-pharmacy-worksheet-summary-scope-vs,0.0.0,active,"2.16.840.1.113884.3.9944.1.48.115",NgHivPharmacyWorksheetSummaryScopeVS,NG HIV Pharmacy Worksheet Summary Scope,"Summary scopes permitted for worksheet column totals.","StructureDefinition/NgHivPharmacyDailyWorksheet","Internal"
https://fhir-ig.digitalhealth.gov.ng/ValueSet/ng-hiv-prep-medication-vs,0.0.0,draft,"2.16.840.1.113884.3.9944.1.48.119",NgHivPrepMedicationVS,NG HIV PrEP Medications,"PrEP medicine products and strengths listed on the Nigeria Combined Pharmacy Order Form.","Questionnaire/ng-hiv-pharmacy-order-questionnaire","Internal"
https://fhir-ig.digitalhealth.gov.ng/ValueSet/ng-hiv-presenting-symptoms-vs,0.0.0,active,"2.16.840.1.113884.3.9944.1.48.120",NgHivPresentingSymptomsVS,Presenting Symptoms,"Codes used for representing the symptoms currently being experienced by the patient.",,"SCT,LOINC"
https://fhir-ig.digitalhealth.gov.ng/ValueSet/ng-hiv-prior-art-vs,0.0.0,draft,"2.16.840.1.113884.3.9944.1.48.122",NgHivPriorArtVS,NG HIV Prior ART,"Prior-ART codes used on the Nigeria HIV Care/ART Card.","Questionnaire/ng-hiv-care-art-questionnaire","Internal"
https://fhir-ig.digitalhealth.gov.ng/ValueSet/ng-hiv-reasons-for-poor-arv-adherence-vs,0.0.0,active,"2.16.840.1.113884.3.9944.1.48.132",NgHivReasonsForPoorARVAdherenceVS,Reasons For Poor ARV Adherence,"Codes used for representing the reasons for poor ARV adherence.",,"SCT,LOINC"
https://fhir-ig.digitalhealth.gov.ng/ValueSet/ng-hiv-referral-reason-vs,0.0.0,active,"2.16.840.1.113884.3.9944.1.48.133",NgHivReferralReasonVS,Referral Reason,"Codes used for representing the reason for referral.",,"SCT,LOINC"
https://fhir-ig.digitalhealth.gov.ng/ValueSet/ng-hiv-regimen-change-reason-vs,0.0.0,draft,"2.16.840.1.113884.3.9944.1.48.134",NgHivRegimenChangeReasonVS,NG HIV Regimen Substitution or Switch Reason,"Reasons for ART regimen substitution or switch used on the Nigeria HIV Care/ART Card.","Questionnaire/ng-hiv-care-art-questionnaire","Internal"
https://fhir-ig.digitalhealth.gov.ng/ValueSet/ng-hiv-snomed-ct-concepts,0.0.0,active,"2.16.840.1.113884.3.9944.1.48.136",NgHivSNOMEDCTConceptsVS,NG HIV SNOMED CT Concepts,"Distinct valid SNOMED CT identifiers referenced by the supplied HIV ConceptMaps. Displays are omitted because authoritative SNOMED CT terms were not supplied.","ConceptMap/NgHivLocalToSNOMEDCT,ConceptMap/NgHivLOINCToSNOMEDCT","SCT"
https://fhir-ig.digitalhealth.gov.ng/ValueSet/ng-hiv-status-vs,0.0.0,active,"2.16.840.1.113884.3.9944.1.48.137",NgHivStatusVS,NG HIV Status Codes,"A list of codes describing the patient's HIV status.","StructureDefinition/ng-observation","Internal,LOINC"
https://fhir-ig.digitalhealth.gov.ng/ValueSet/ng-hiv-tb-preventive-therapy-medication-vs,0.0.0,draft,"2.16.840.1.113884.3.9944.1.48.138",NgHivTbPreventiveTherapyMedicationVS,NG HIV TB Preventive Therapy Medications,"TB preventive therapy medicines or regimens listed on the Nigeria Combined Pharmacy Order Form.","Questionnaire/ng-hiv-pharmacy-order-questionnaire","Internal"
https://fhir-ig.digitalhealth.gov.ng/ValueSet/ng-hiv-tb-preventive-therapy-vs,0.0.0,draft,"2.16.840.1.113884.3.9944.1.48.139",NgHivTbPreventiveTherapyVS,NG HIV TB Preventive Therapy,"TB preventive-therapy regimen codes used on the Nigeria HIV Care/ART Card.","StructureDefinition/NgHivArtRegister,Questionnaire/ng-hiv-care-art-questionnaire","Internal"
https://fhir-ig.digitalhealth.gov.ng/ValueSet/ng-hiv-test-result-vs,0.0.0,active,"2.16.840.1.113884.3.9944.1.48.140",NgHivTestResultVS,NG HIV Test Results,"Codes used for representing a patient HIV test results.",,"LOINC"
https://fhir-ig.digitalhealth.gov.ng/ValueSet/ng-hiv-test-type-vs,0.0.0,active,"2.16.840.1.113884.3.9944.1.48.142",NgHIVTestTypeVS,NG HIV Test Types,"Nigeria HIV Test Types","Questionnaire/ng-hiv-transfer-form-questionnaire","LOINC"
https://fhir-ig.digitalhealth.gov.ng/ValueSet/ng-hiv-tracking-attempt-stage-vs,0.0.0,active,"2.16.840.1.113884.3.9944.1.48.143",NgHivTrackingAttemptStageVS,NG HIV Tracking Register Attempt Stage,"Tracking-attempt stages permitted in T19–T23.","StructureDefinition/NgHivTrackingRegister","Internal"
https://fhir-ig.digitalhealth.gov.ng/ValueSet/ng-hiv-tracking-default-reason-vs,0.0.0,active,"2.16.840.1.113884.3.9944.1.48.144",NgHivTrackingDefaultReasonVS,NG HIV Tracking Register Reason for Defaulting,"Reasons for defaulting permitted in the tracking-attempt blocks.","StructureDefinition/NgHivTrackingRegister","Internal"
https://fhir-ig.digitalhealth.gov.ng/ValueSet/ng-hiv-tracking-discontinuation-reason-vs,0.0.0,active,"2.16.840.1.113884.3.9944.1.48.145",NgHivTrackingDiscontinuationReasonVS,NG HIV Tracking Register Reason for Discontinuation,"Reasons for discontinuing facility care permitted in T26.","StructureDefinition/NgHivTrackingRegister","Internal"
https://fhir-ig.digitalhealth.gov.ng/ValueSet/ng-hiv-tracking-dsd-model-vs,0.0.0,active,"2.16.840.1.113884.3.9944.1.48.146",NgHivTrackingDsdModelVS,NG HIV Tracking Register DSD Model,"DSD models permitted in T15.","StructureDefinition/NgHivTrackingRegister","Internal"
https://fhir-ig.digitalhealth.gov.ng/ValueSet/ng-hiv-tracking-dsd-status-vs,0.0.0,active,"2.16.840.1.113884.3.9944.1.48.147",NgHivTrackingDsdStatusVS,NG HIV Tracking Register DSD Status,"DSD statuses permitted in T15.","StructureDefinition/NgHivTrackingRegister","Internal"
https://fhir-ig.digitalhealth.gov.ng/ValueSet/ng-hiv-tracking-mode-vs,0.0.0,active,"2.16.840.1.113884.3.9944.1.48.148",NgHivTrackingModeVS,NG HIV Tracking Register Tracking Mode,"Tracking modes permitted in T19–T23.","StructureDefinition/NgHivTrackingRegister","Internal"
https://fhir-ig.digitalhealth.gov.ng/ValueSet/ng-hiv-tracking-person-contacted-vs,0.0.0,active,"2.16.840.1.113884.3.9944.1.48.149",NgHivTrackingPersonContactedVS,NG HIV Tracking Register Person Contacted,"Person-contacted values permitted in T19–T23.","StructureDefinition/NgHivTrackingRegister","Internal"
https://fhir-ig.digitalhealth.gov.ng/ValueSet/ng-hiv-tracking-reason-vs,0.0.0,active,"2.16.840.1.113884.3.9944.1.48.150",NgHivTrackingReasonVS,NG HIV Tracking Register Reason for Tracking,"Reasons for tracking permitted in T16.","StructureDefinition/NgHivTrackingRegister","Internal"
https://fhir-ig.digitalhealth.gov.ng/ValueSet/ng-hiv-tracking-vs,0.0.0,active,"2.16.840.1.113884.3.9944.1.48.151",NgHivTrackingVS,NG HIV Positive Tracking Care Plan Activivity Codes,"Codes used for representing activity in the Care Plan.",,"SCT,Internal,LOINC"
https://fhir-ig.digitalhealth.gov.ng/ValueSet/ng-hiv-transfer-reason-vs,0.0.0,draft,"2.16.840.1.113884.3.9944.1.48.152",NgHivTransferReasonVS,NG HIV Care and Treatment Transfer Reasons,"Reasons for transfer printed on the Nigeria HIV Care and Treatment Transfer Form.","Questionnaire/ng-hiv-transfer-form-questionnaire","Internal"
https://fhir-ig.digitalhealth.gov.ng/ValueSet/ng-hiv-viral-load-status-vs,0.0.0,active,"2.16.840.1.113884.3.9944.1.48.154",NgHivViralLoadStatusVS,NG HIV Viral Load Status,"Codes used for representing patient's viral load status.",,"SCT"
https://fhir-ig.digitalhealth.gov.ng/ValueSet/ng-hiv-vl-indication-vs,0.0.0,active,"2.16.840.1.113884.3.9944.1.48.155",NgHivVLIndicationVS,NG HIV Viral Load Indication,"Codes used for representing the indication type for the viral load.",,"Internal"
https://fhir-ig.digitalhealth.gov.ng/ValueSet/ng-hiv-who-stage-vs,0.0.0,active,"2.16.840.1.113884.3.9944.1.48.156",NgHivWHOStageVS,NG HIV WHO Stage,"WHO Stage","StructureDefinition/NgHivArtRegister,Questionnaire/ng-hiv-transfer-form-questionnaire","Internal"
https://fhir-ig.digitalhealth.gov.ng/ValueSet/ng-immunization-clinical-status-vs,0.0.0,active,"2.16.840.1.113884.3.9944.1.48.157",NgImmunizationClinicalStatusVS,NG Clinical Status VS,"The outcome of the reaction",,"Internal"
https://fhir-ig.digitalhealth.gov.ng/ValueSet/ng-immunization-indicator-vs,0.0.0,draft,"2.16.840.1.113884.3.9944.1.48.158",NGImmunizationIndicatorVS,Nigeria Defaulter Follow-up Methods,"Methods used to contact or trace immunization defaulters.",,
https://fhir-ig.digitalhealth.gov.ng/ValueSet/ng-immunization-report-category-vs,0.0.0,draft,"2.16.840.1.113884.3.9944.1.48.159",NGImmunizationReportCategoryVS,Nigeria Defaulter Follow-up Methods,"Methods used to contact or trace immunization defaulters.",,
https://fhir-ig.digitalhealth.gov.ng/ValueSet/ng-immunization-route-vs,0.0.0,active,"2.16.840.1.113884.3.9944.1.48.160",NGImmunizationRouteVS,NG-Imm Vaccine Route VS,"Vaccine Route",,
https://fhir-ig.digitalhealth.gov.ng/ValueSet/ng-immunization-session-type-vs,0.0.0,active,"2.16.840.1.113884.3.9944.1.48.161",NgImmunizationSessionTypeVS,NG Session Type VS,"Type of session for immunization. Could be in a fixed facility, outreach or mobile.","Questionnaire/ng-imm-administer-vaccine-form,Questionnaire/ng-imm-facility-registration-form","Internal"
https://fhir-ig.digitalhealth.gov.ng/ValueSet/ng-insurer-org-type-vs,0.0.0,active,"2.16.840.1.113884.3.9944.1.48.162",NgInsurerOrgTypeVS,NG Insurer Organization Types,"Organization types for insurance payers/HMOs","StructureDefinition/ng-insurer-organization","THO"
https://fhir-ig.digitalhealth.gov.ng/ValueSet/ng-lgas-vs,0.0.0,active,"2.16.840.1.113884.3.9944.1.48.163",NgLgasVS,NG LGAs VS,"The administrative Local Government Areas where a person or a facility is.","StructureDefinition/ng-patient,StructureDefinition/NgHivPharmacyDailyWorksheet,StructureDefinition/ng-location,Questionnaire/ng-imm-facility-registration-form,Questionnaire/ng-hiv-pharmacy-order-questionnaire,StructureDefinition/ng-pharmacy-organization,StructureDefinition/NgHivArtRegister,StructureDefinition/ng-provider-organization,Questionnaire/ng-hiv-transfer-form-questionnaire,StructureDefinition/NgHivEacRegister,StructureDefinition/NgHivIntLabMonitoringRegister,StructureDefinition/ng-insurer-organization,StructureDefinition/ng-organization,StructureDefinition/NgHivTrackingRegister","Internal"
https://fhir-ig.digitalhealth.gov.ng/ValueSet/ng-missed-vaccination-reason,0.0.0,draft,"2.16.840.1.113884.3.9944.1.48.164",NGMissedVaccinationReasonVS,Nigeria Missed Vaccination Reasons,"Reasons why a client did not receive a scheduled vaccine dose.",,
https://fhir-ig.digitalhealth.gov.ng/ValueSet/ng-nutritional-screening-result-vs,0.0.0,active,"2.16.840.1.113884.3.9944.1.48.165",NgNutritionalScreeningResultVS,Nutritional Screening Result,"Nutritional Screening Result",,"Internal"
https://fhir-ig.digitalhealth.gov.ng/ValueSet/ng-nutritional-status-vs,0.0.0,active,"2.16.840.1.113884.3.9944.1.48.166",NgNutritionalStatusVS,Nutritional Status,"Nutritional Status",,"SCT"
https://fhir-ig.digitalhealth.gov.ng/ValueSet/ng-nutritional-suppliments-provided-vs,0.0.0,active,"2.16.840.1.113884.3.9944.1.48.167",NgNutritionalSupplimentsProvidedVS,Nutritional Suppliments Provided,"Nutritional Suppliments Provided",,"Internal,LOINC"
https://fhir-ig.digitalhealth.gov.ng/ValueSet/ng-organization-owner-vs,0.0.0,active,"2.16.840.1.113884.3.9944.1.48.168",NgOrganizationOwnerVS,NG Location Owner,"The owner of an Health Facility location","StructureDefinition/ng-organization-owner,Questionnaire/ng-imm-facility-registration-form","Internal"
https://fhir-ig.digitalhealth.gov.ng/ValueSet/ng-patient-education-level-value-set,0.0.0,active,"2.16.840.1.113884.3.9944.1.48.169",NgPatientEducationLevelValueSet,NG Patient Education Level,"Codes used for indicating the patient's highest qualification.",,"LOINC"
https://fhir-ig.digitalhealth.gov.ng/ValueSet/ng-patient-functional-status-vs,0.0.0,active,"2.16.840.1.113884.3.9944.1.48.170",NgPatientFunctionalStatusVS,Patient Functional Status,"Patient Functional Status",,"SCT"
https://fhir-ig.digitalhealth.gov.ng/ValueSet/ng-pharmacy-org-type-vs,0.0.0,active,"2.16.840.1.113884.3.9944.1.48.171",NgPharmacyOrganizationVS,NG Pharmacy Organization Types,"Organization types for Pharmacies","StructureDefinition/ng-pharmacy-organization","THO"
https://fhir-ig.digitalhealth.gov.ng/ValueSet/ng-pregnancies-coutcome-vs,0.0.0,active,"2.16.840.1.113884.3.9944.1.48.172",NgPregnanciesOutcomeVS,Pregnancy Outcome - IPS,"IPS Pregnancies Outcome","StructureDefinition/ng-observation-pregnancy-outcome","LOINC"
https://fhir-ig.digitalhealth.gov.ng/ValueSet/ng-pregnancy-expected-delivery-date-method-vs,0.0.0,active,"2.16.840.1.113884.3.9944.1.48.173",NgPregnancyExpectedDeliveryDateMethodVS,Pregnancy EDD Method,"Expected Delivery Date Method","StructureDefinition/ng-observation-pregnancy-edd","LOINC"
https://fhir-ig.digitalhealth.gov.ng/ValueSet/ng-pregnancy-mode-of-delivery-vs,0.0.0,active,"2.16.840.1.113884.3.9944.1.48.174",NgPregnancyModeOfDeliveryVS,NG Mode Of Delivery,"Nigeria Codes used for representing mode of delivery.",,"LOINC"
https://fhir-ig.digitalhealth.gov.ng/ValueSet/ng-pregnancy-place-of-delivery-vs,0.0.0,active,"2.16.840.1.113884.3.9944.1.48.175",NgPregnancyPlaceOfDeliveryVS,Place Of Delivery,"Codes used for representing place of delivery.",,"LOINC"
https://fhir-ig.digitalhealth.gov.ng/ValueSet/ng-pregnancy-status-vs,0.0.0,active,"2.16.840.1.113884.3.9944.1.48.176",NgPregnancyStatusVS,NG Clinical Status VS,"The outcome of the Pregnancy. Pregnancy status codes value set. ","StructureDefinition/ng-observation,StructureDefinition/NgHivArtRegister,Questionnaire/ng-hiv-transfer-form-questionnaire,StructureDefinition/ng-observation-pregnancy-status","SCT,Internal"
https://fhir-ig.digitalhealth.gov.ng/ValueSet/ng-provenance-activity-vs,0.0.0,active,"2.16.840.1.113884.3.9944.1.48.177",NgProvenanceActivityVS,NG Provenance Activity Codes,"ValueSet including local provenance activity codes (anonymize, de-identify, mask, label, pseudonymize, create, delete, append, nullify, legally authenticated).",,"Internal"
https://fhir-ig.digitalhealth.gov.ng/ValueSet/ng-provider-org-type-vs,0.0.0,active,"2.16.840.1.113884.3.9944.1.48.178",NgProviderOrgTypeVS,NG Provider Organization Types,"Organization types for healthcare providers","StructureDefinition/ng-provider-organization","THO"
https://fhir-ig.digitalhealth.gov.ng/ValueSet/ng-relationships-vs,0.0.0,active,"2.16.840.1.113884.3.9944.1.48.179",NgRelationshipsVS,NG Relationships VS,"list of persons related to a patient, but who is not a direct target of care.","StructureDefinition/ng-patient,Questionnaire/ng-imm-client-registration-form,Questionnaire/ng-hiv-transfer-form-questionnaire,Questionnaire/ng-imm-updating-client-record-form","Internal"
https://fhir-ig.digitalhealth.gov.ng/ValueSet/ng-report-stratifier-vs,0.0.0,draft,"2.16.840.1.113884.3.9944.1.48.180",NGReportStratifierVS,Nigeria Defaulter Follow-up Methods,"Methods used to contact or trace immunization defaulters.",,
https://fhir-ig.digitalhealth.gov.ng/ValueSet/ng-residential-type-vs,0.0.0,active,"2.16.840.1.113884.3.9944.1.48.218",NgResidentialTypeVS,NG Residential Type,"Codes used for representing patient residential type.",,"SCT"
https://fhir-ig.digitalhealth.gov.ng/ValueSet/ng-results-laboratory-pathology-observation-vs,0.0.0,active,"2.16.840.1.113884.3.9944.1.48.181",NgResultsLaboratoryPathologyObservationVS,Results Laboratory/Pathology Observation - IPS,"Value Set Definition: LOINC {STATUS in {ACTIVE}, CLASSTYPE in {Laboratory class (1)}, CLASS exclude {LP62148-9 (NR STATS), LP175679-2 (H&P.HX.LAB), LP7785-1 (CHALSKIN), LP94892-4 (LABORDERS)}}","StructureDefinition/ng-observation-results-laboratory-pathology","LOINC"
https://fhir-ig.digitalhealth.gov.ng/ValueSet/ng-results-radiology-component-vs,0.0.0,active,"2.16.840.1.113884.3.9944.1.48.182",NgResultsRadiologyComponentVS,Results Radiology Component - IPS,"Value set including SNOMED CT, LOINC and DICOM concepts for textual reports, measurements, and other radiology components","StructureDefinition/ng-observation-results-radiology","SCT,LOINC,DICOM"
https://fhir-ig.digitalhealth.gov.ng/ValueSet/ng-results-radiology-observations-vs,0.0.0,active,"2.16.840.1.113884.3.9944.1.48.183",NgResultsRadiologyObservationVS,Results Radiology Observation - IPS,"Value Set Definition:  LOINC {STATUS in {ACTIVE}, CLASS in LP29684-5 (\""RAD\"")}","StructureDefinition/ng-observation-results-radiology","LOINC"
https://fhir-ig.digitalhealth.gov.ng/ValueSet/ng-results-specimen-collection-method-vs,0.0.0,active,"2.16.840.1.113884.3.9944.1.48.184",NgResultsSpecimenCollectionMethodVS,Results Specimen Collection Method - IPS,"IPS Specimen collection method codes value set.  This value set includes codes from SNOMED CT®: all descendants or self of 129316008 \|Aspiration - action (qualifier value)\|; all descendants or self of 129314006 \|Biopsy - action (qualifier value)\|; all descendants or self of 129300006 \|Puncture - action (qualifier value)\|; all descendants or self of 129304002 \|Excision - action (qualifier value)\|; all descendants or self of 129323009 \|Scraping - action (qualifier value)\|; all descendants or self of 73416001 \|Urine specimen collection, clean catch (procedure)\|; all descendants or self of 225113003 \|Timed urine collection (procedure)\|; all descendants or self of 70777001 \|Urine specimen collection, catheterized (procedure)\|; all descendants or self of 386089008 \|Collection of coughed sputum (procedure)\|; all descendants or self of 278450005 \|Finger-prick sampling (procedure)\| ","StructureDefinition/ng-specimen","SCT"
https://fhir-ig.digitalhealth.gov.ng/ValueSet/ng-results-specimen-type-vs,0.0.0,active,"2.16.840.1.113884.3.9944.1.48.185",NgResultsSpecimenTypeVS,Results Specimen Type,"Specimen Type codes value set.","StructureDefinition/ng-specimen","SCT"
https://fhir-ig.digitalhealth.gov.ng/ValueSet/ng-results-status-vs,0.0.0,active,"2.16.840.1.113884.3.9944.1.48.186",NgResultsStatusVS,Results Status Codes - IPS,"IPS Observation status codes allowable for results.  This value set includes all observation status codes except \""entered-in-error\"" from http://hl7.org/fhir/observation-status.",,"hl7.fhir.r4.core"
https://fhir-ig.digitalhealth.gov.ng/ValueSet/ng-sibling-health-status-vs,0.0.0,active,"2.16.840.1.113884.3.9944.1.48.187",NgSiblingHealthStatusVS,NG Sibling Health Status VS,"This CodeSystem defines the health of the client's sibling",,"Internal"
https://fhir-ig.digitalhealth.gov.ng/ValueSet/ng-states-vs,0.0.0,active,"2.16.840.1.113884.3.9944.1.48.188",NgStatesVS,NG States VS,"The state where a person or a facility is.","StructureDefinition/ng-patient,StructureDefinition/NgHivPharmacyDailyWorksheet,StructureDefinition/ng-location,Questionnaire/ng-imm-facility-registration-form,Questionnaire/ng-hiv-pharmacy-order-questionnaire,StructureDefinition/ng-pharmacy-organization,StructureDefinition/NgHivArtRegister,StructureDefinition/ng-provider-organization,Questionnaire/ng-hiv-transfer-form-questionnaire,StructureDefinition/NgHivEacRegister,StructureDefinition/NgHivIntLabMonitoringRegister,StructureDefinition/ng-insurer-organization,StructureDefinition/ng-organization,StructureDefinition/NgHivTrackingRegister","Internal"
https://fhir-ig.digitalhealth.gov.ng/ValueSet/ng-stock-administration-up-method,0.0.0,draft,"2.16.840.1.113884.3.9944.1.48.189",NGStockDiscardReasonVS,Nigeria Defaulter Follow-up Methods,"Methods used to contact or trace immunization defaulters.",,
https://fhir-ig.digitalhealth.gov.ng/ValueSet/ng-target-population-category-vs,0.0.0,active,"2.16.840.1.113884.3.9944.1.48.190",NgTargetPopulationCategoryVS,NG Target Population Category VS,"Codes used for representing the patient's target population category",,"SCT,Internal"
https://fhir-ig.digitalhealth.gov.ng/ValueSet/ng-tb-active-tb-diagnosis-vs,0.0.0,active,"2.16.840.1.113884.3.9944.1.48.191",NgTBActiveTBDiagnosisVS,TB Active TB Diagnosis Codes,"A list of codes describing whether the patient is infected with active TB.",,"SCT"
https://fhir-ig.digitalhealth.gov.ng/ValueSet/ng-tb-diagnostic-test-result-vs,0.0.0,active,"2.16.840.1.113884.3.9944.1.48.192",NgTBDiagnosticTestResultVS,TB Diagnostic Test Result Codes ValueSet,"A list of codes describing a TB diagnostic test result.",,"LOINC"
https://fhir-ig.digitalhealth.gov.ng/ValueSet/ng-tb-month-ordinals-vs,0.0.0,active,"2.16.840.1.113884.3.9944.1.48.193",NgTbMonthOrdinalsVS,TB Month Ordinal Codes,"A list of codes indicating the month ordinals.",,"SCT"
https://fhir-ig.digitalhealth.gov.ng/ValueSet/ng-tb-screening-diagnostic-test-type-vs,0.0.0,active,"2.16.840.1.113884.3.9944.1.48.194",NgTBScreeningDiagnosticTestTypeVS,TB Screening Diagnostic Test Type Codes ValueSet,"A list of codes describing the types of diagnostic tests that can be peformed on the specimen taken during TB screening.",,"Internal"
https://fhir-ig.digitalhealth.gov.ng/ValueSet/ng-tb-screening-result-vs,0.0.0,active,"2.16.840.1.113884.3.9944.1.48.195",NgTBScreeningResultVS,TB Screening Result Codes ValueSet,"A list of codes describing the result of the TB Screening.",,"LOINC"
https://fhir-ig.digitalhealth.gov.ng/ValueSet/ng-tb-screening-specimen-type-vs,0.0.0,active,"2.16.840.1.113884.3.9944.1.48.196",NgTBScreeningSpecimenTypeVS,TB Screening Specimen Type Codes ValueSet,"A list of codes describing the specimen types that can be taken during TB Screening for the laboratory examination.",,"THO (V2)"
https://fhir-ig.digitalhealth.gov.ng/ValueSet/ng-tb-screening-type-vs,0.0.0,active,"2.16.840.1.113884.3.9944.1.48.197",NgTBScreeningTypeVS,TB Screening Type Codes ValueSet,"A list of codes describing the Type of TB Screening.",,"LOINC"
https://fhir-ig.digitalhealth.gov.ng/ValueSet/ng-tb-tpt-alternate-prophylaxis-type-vs,0.0.0,active,"2.16.840.1.113884.3.9944.1.48.198",NgTbAlternateTPTProphylaxisTypeVS,TB Alternate TPT Prophylaxis Type Codes ValueSet,"A list of codes describing the alternate TPT prophylaxis types to INH.",,"SCT"
https://fhir-ig.digitalhealth.gov.ng/ValueSet/ng-tb-tpt-prophylaxis-type-vs,0.0.0,active,"2.16.840.1.113884.3.9944.1.48.199",NgTbTPTProphylaxisTypeVS,TB TPT Prophylaxis Type Codes,"A list of codes describing the TPT prophylaxis type.",,"Internal"
https://fhir-ig.digitalhealth.gov.ng/ValueSet/ng-tb-tpt-prophylaxis-vs,0.0.0,active,"2.16.840.1.113884.3.9944.1.48.200",NgTbTPTProphylaxisVS,TB TPT Prophylaxis Codes For Medication Requests ValueSet,"A list of codes describing the different codes used during a request for TPT medication.",,"SCT,LOINC"
https://fhir-ig.digitalhealth.gov.ng/ValueSet/ng-tb-tpt-reason-not-eligibile-vs,0.0.0,active,"2.16.840.1.113884.3.9944.1.48.201",NgTbTPTReasonNotEligibileVS,TB Reason Not Eligible for TPT Codes,"A list of codes used for indicating the reason why the patient is not eligible for TPT.",,"SCT"
https://fhir-ig.digitalhealth.gov.ng/ValueSet/ng-tb-treatment-outcome-vs,0.0.0,active,"2.16.840.1.113884.3.9944.1.48.202",NgTbTreatmentOutcomeVS,TB Treatment Outcome Codes,"A list of codes indicating the status of the treatment.",,"SCT"
https://fhir-ig.digitalhealth.gov.ng/ValueSet/ng-tb-treatment-status-value-set,0.0.0,active,"2.16.840.1.113884.3.9944.1.48.203",NgTBTreatmentStatusVS,TB Treatment Status Codes CodeSystem,"A list of codes describing the status of TB treatment.",,"Internal"
https://fhir-ig.digitalhealth.gov.ng/ValueSet/ng-vaccine-contraindication-vs,0.0.0,active,"2.16.840.1.113884.3.9944.1.48.204",NgVaccineContraindicationVS,NG Vaccine Contraindication VS,"A set of standardized codes used to represent clinical conditions, diagnoses, or circumstances that serve as contraindications to the administration of one or more vaccines.","StructureDefinition/ng-vaccine-contraindications","Internal"
https://fhir-ig.digitalhealth.gov.ng/ValueSet/ng-vaccine-icd-vs,0.0.0,active,"2.16.840.1.113884.3.9944.1.48.205",NgVaccineIcdVS,NG Vaccine ICD ValueSet,"All ICD11 vaccine codes (DE1–DE29).","ConceptMap/NgVaccineLocal-to-ICD11","Internal"
https://fhir-ig.digitalhealth.gov.ng/ValueSet/ng-vaccine-local-vs,0.0.0,active,"2.16.840.1.113884.3.9944.1.48.206",NgVaccineLocalVS,NG Vaccine Local ValueSet,"All local vaccine codes (DE1–DE29).","Questionnaire/ng-imm-administer-vaccine-form,Questionnaire/ng-imm-defaulter-tracking-form,ConceptMap/NgVaccineLocal-to-SNOMED,Questionnaire/ng-imm-manage-aefi-form,StructureDefinition/ng-immunization,ConceptMap/NgVaccineLocal-to-ICD11","Internal"
https://fhir-ig.digitalhealth.gov.ng/ValueSet/ng-vaccine-preventable-disease,0.0.0,draft,"2.16.840.1.113884.3.9944.1.48.207",NGVaccinePreventableDiseaseVS,Nigeria Vaccine Preventable Diseases,"Diseases targeted by vaccines included in the Nigeria immunization program.",,
https://fhir-ig.digitalhealth.gov.ng/ValueSet/ng-vaccine-snomed-vs,0.0.0,active,"2.16.840.1.113884.3.9944.1.48.208",NgVaccineSnomedVS,NG Vaccine SNOMED ValueSet,"All SNOMED vaccine codes (DE1–DE29).","ConceptMap/NgVaccineLocal-to-SNOMED","Internal"
https://fhir-ig.digitalhealth.gov.ng/ValueSet/ng-wards-vs,0.0.0,active,"2.16.840.1.113884.3.9944.1.48.209",NgWardsVS,NG Wards VS,"The administrative Ward (within an LGA) where a person or a facility is.","Questionnaire/ng-imm-client-registration-form,Questionnaire/ng-imm-facility-registration-form,Questionnaire/ng-imm-updating-client-record-form,StructureDefinition/ng-administrative-ward","Internal"
https://fhir-ig.digitalhealth.gov.ng/ValueSet/ng-who-hiv-concepts-vs,0.0.0,active,"2.16.840.1.113884.3.9944.1.48.210",NgWhoHivConceptsVS,Nigeria Relevant WHO HIV Concepts,"Distinct locally represented WHO SMART HIV concepts used in Nigeria HIV terminology mappings. Membership is drawn from the Nigeria Local WHO HIV Concepts CodeSystem.","ConceptMap/NgHivLocalToWHOHiv","Internal"
https://fhir-ig.digitalhealth.gov.ng/ValueSet/ng-yes-no-vs,0.0.0,active,"2.16.840.1.113884.3.9944.1.48.211",NgYesNoVS,NG Yes/No Codes VS,"Yes/No Codes Represented as Boolean.",,"Internal"
https://fhir-ig.digitalhealth.gov.ng/ValueSet/nigeria-vaccine-site,0.0.0,draft,"2.16.840.1.113884.3.9944.1.48.212",NGImmunizationSiteVS,NG-Imm Vaccine Site VS,"Vaccine Site",,
